ticker,isin,code_cvm,issuing_company,trading_name,market
BBAS11,BRBBASA04OR8,1023,BBAS,BRASIL,NOVO MERCADO
BBAS12,BRBBASA05OR5,1023,BBAS,BRASIL,NOVO MERCADO
BBAS3,BRBBASACNOR3,1023,BBAS,BRASIL,NOVO MERCADO
ALPA3,BRALPAACNOR0,10456,ALPA,ALPARGATAS,BOVESPA NIVEL 1
ALPA4,BRALPAACNPR7,10456,ALPA,ALPARGATAS,BOVESPA NIVEL 1
SOND3,BRSONDACNOR5,10880,SOND,SONDOTECNICA,BOLSA
SOND5,BRSONDACNPA8,10880,SOND,SONDOTECNICA,BOLSA
SOND6,BRSONDACNPB6,10880,SOND,SONDOTECNICA,BOLSA
WLMM3,BRWLMMACNOR6,11070,WLMM,WLM IND COM,BOLSA
WLMM4,BRWLMMACNPR3,11070,WLMM,WLM IND COM,BOLSA
BGIP3,BRBGIPACNOR1,1120,BGIP,BANESE,BOLSA
BGIP4,BRBGIPACNPR8,1120,BGIP,BANESE,BOLSA
BGIP2,BRBGIPD10PR4,1120,BGIP,BANESE,BOLSA
BGIP1,BRBGIPD11OR5,1120,BGIP,BANESE,BOLSA
TKNO3,BRTKNOACNOR8,11231,TKNO,TEKNO,BOLSA
TKNO4,BRTKNOACNPR5,11231,TKNO,TEKNO,BOLSA
TELB3,BRTELBACNOR2,11258,TELB,TELEBRAS,BOLSA
TELB4,BRTELBACNPR9,11258,TELB,TELEBRAS,BOLSA
OIBR3,BROIBRACNOR1,11312,OIBR,OI,BOVESPA NIVEL 1
OIBR4,BROIBRACNPR8,11312,OIBR,OI,BOVESPA NIVEL 1
CRPG3,BRCRPGACNOR0,11398,CRPG,CRISTAL,BOLSA
CRPG5,BRCRPGACNPA3,11398,CRPG,CRISTAL,BOLSA
CRPG6,BRCRPGACNPB1,11398,CRPG,CRISTAL,BOLSA
BEES3,BRBEESACNOR9,1155,BEES,BANESTES,BOLSA
BEES4,BRBEESACNPR6,1155,BEES,BANESTES,BOLSA
UNIP3,BRUNIPACNOR7,11592,UNIP,UNIPAR,BOLSA
UNIP5,BRUNIPACNPA0,11592,UNIP,UNIPAR,BOLSA
UNIP6,BRUNIPACNPB8,11592,UNIP,UNIPAR,BOLSA
BPAR3,BRBPARACNOR5,1171,BPAR,BANPARA,BOLSA
VULC3,BRVULCACNOR2,11762,VULC,VULCABRAS,NOVO MERCADO
MYPK3,BRMYPKACNOR7,11932,MYPK,IOCHP-MAXION,NOVO MERCADO
AZEV3,BRAZEVACNOR0,11975,AZEV,AZEVEDO,BOLSA
AZEV4,BRAZEVACNPR7,11975,AZEV,AZEVEDO,BOLSA
AZEV11,BRAZEVN01M14,11975,AZEV,AZEVEDO,BOLSA
AZEV12,BRAZEVN02M13,11975,AZEV,AZEVEDO,BOLSA
MWET3,BRMWETACNOR6,11991,MWET,WETZEL S/A,BOLSA
MWET4,BRMWETACNPR3,11991,MWET,WETZEL S/A,BOLSA
BRSR3,BRBRSRACNOR3,1210,BRSR,BANRISUL,BOVESPA NIVEL 1
BRSR5,BRBRSRACNPA6,1210,BRSR,BANRISUL,BOVESPA NIVEL 1
BRSR6,BRBRSRACNPB4,1210,BRSR,BANRISUL,BOVESPA NIVEL 1
BOBR3,BRBOBRACNOR6,12190,BOBR,BOMBRIL,BOLSA
BOBR4,BRBOBRACNPR3,12190,BOBR,BOMBRIL,BOLSA
BNBR3,BRBNBRACNOR8,1228,BNBR,NORD BRASIL,BOLSA
RCSL3,BRRCSLACNOR4,12572,RCSL,RECRUSUL,BOLSA
RCSL4,BRRCSLACNPR1,12572,RCSL,RECRUSUL,BOLSA
KLBN3,BRKLBNACNOR2,12653,KLBN,KLABIN S/A,BOVESPA NIVEL 2
KLBN4,BRKLBNACNPR9,12653,KLBN,KLABIN S/A,BOVESPA NIVEL 2
KLBN11,BRKLBNCDAM18,12653,KLBN,KLABIN S/A,BOVESPA NIVEL 2
SNSY3,BRSNSYACNOR2,12696,SNSY,SANSUY,BOLSA
SNSY5,BRSNSYACNPA5,12696,SNSY,SANSUY,BOLSA
SNSY6,BRSNSYACNPB3,12696,SNSY,SANSUY,BOLSA
APTI3,BRAPTIACNOR6,12823,APTI,ALIPERTI,BOLSA
APTI4,BRAPTIACNPR3,12823,APTI,ALIPERTI,BOLSA
BMIN3,BRBMINACNOR4,1309,BMIN,MERC INVEST,BOLSA
BMIN4,BRBMINACNPR1,1309,BMIN,MERC INVEST,BOLSA
BMEB3,BRBMEBACNOR8,1325,BMEB,MERCANTIL,BOVESPA NIVEL 1
BMEB4,BRBMEBACNPR5,1325,BMEB,MERCANTIL,BOVESPA NIVEL 1
BMEB9,BRBMEBR04OR7,1325,BMEB,MERCANTIL,BOVESPA NIVEL 1
JOPA3,BRJOPAACNOR5,13285,JOPA,JOSAPAR,BOLSA
JOPA4,BRJOPAACNPR2,13285,JOPA,JOSAPAR,BOLSA
HAGA3,BRHAGAACNOR7,13366,HAGA,HAGA S/A,BOLSA
HAGA4,BRHAGAACNPR4,13366,HAGA,HAGA S/A,BOLSA
RSUL3,BRRSULACNOR6,13439,RSUL,RIOSULENSE,BOLSA
RSUL4,BRRSULACNPR3,13439,RSUL,RIOSULENSE,BOLSA
PPAR3,BRPPARACNOR5,13447,PPAR,POLPAR,BOLSA
PLAS3,BRPLASACNOR2,13471,PLAS,PLASCAR PART,BOLSA
MNPR3,BRMNPRACNOR5,13765,MNPR,MINUPAR,BOLSA
PTBL3,BRPTBLACNOR8,13773,PTBL,PORTOBELLO,NOVO MERCADO
SCAR3,BRSCARACNOR7,13781,SCAR,SAO CARLOS,NOVO MERCADO
MAPT3,BRMAPTACNOR8,13854,MAPT,CEMEPE,BOLSA
MAPT4,BRMAPTACNPR5,13854,MAPT,CEMEPE,BOLSA
SUZB3,BRSUZBACNOR0,13986,SUZB,SUZANO S.A.,NOVO MERCADO
RAPT3,BRRAPTACNOR7,14109,RAPT,RANDON PART,BOVESPA NIVEL 1
RAPT4,BRRAPTACNPR4,14109,RAPT,RANDON PART,BOVESPA NIVEL 1
BSLI3,BRBSLIACNOR5,14206,BSLI,BRB BANCO,BOLSA
BSLI4,BRBSLIACNPR2,14206,BSLI,BRB BANCO,BOLSA
CPLE3,BRCPLEACNOR8,14311,CPLE,COPEL,NOVO MERCADO
CPLE99,BRCPLECDAXX8,14311,CPLE,COPEL,NOVO MERCADO
USIM3,BRUSIMACNOR3,14320,USIM,USIMINAS,BOVESPA NIVEL 1
USIM5,BRUSIMACNPA6,14320,USIM,USIMINAS,BOVESPA NIVEL 1
USIM6,BRUSIMACNPB4,14320,USIM,USIMINAS,BOVESPA NIVEL 1
WHRL3,BRWHRLACNOR5,14346,WHRL,WHIRLPOOL,BOLSA
WHRL4,BRWHRLACNPR2,14346,WHRL,WHIRLPOOL,BOLSA
SBSP3,BRSBSPACNOR5,14443,SBSP,SABESP,NOVO MERCADO
CEBR3,BRCEBRACNOR5,14451,CEBR,CEB,BOLSA
CEBR5,BRCEBRACNPA8,14451,CEBR,CEB,BOLSA
CEBR6,BRCEBRACNPB6,14451,CEBR,CEB,BOLSA
CYRE3,BRCYREACNOR7,14460,CYRE,CYRELA REALT,NOVO MERCADO
CYRE4,BRCYREACNPR4,14460,CYRE,CYRELA REALT,NOVO MERCADO
CYRE99,BRCYRECDAXX7,14460,CYRE,CYRELA REALT,NOVO MERCADO
CEEB3,BRCEEBACNOR3,14524,CEEB,COELBA,BOLSA
CEEB5,BRCEEBACNPA6,14524,CEEB,COELBA,BOLSA
CEEB6,BRCEEBACNPB4,14524,CEEB,COELBA,BOLSA
ENMT3,BRENMTACNOR5,14605,ENMT,ENERGISA MT,BOLSA
ENMT4,BRENMTACNPR2,14605,ENMT,ENERGISA MT,BOLSA
SHUL3,BRSHULACNOR7,14664,SHUL,SCHULZ,BOLSA
SHUL4,BRSHULACNPR4,14664,SHUL,SCHULZ,BOLSA
PCAR3,BRPCARACNOR3,14826,PCAR,P.ACUCAR-CBD,NOVO MERCADO
COCE3,BRCOCEACNOR0,14869,COCE,COELCE,BOLSA
COCE5,BRCOCEACNPA3,14869,COCE,COELCE,BOLSA
COCE6,BRCOCEACNPB1,14869,COCE,COELCE,BOLSA
LTEL3B,BRLTELACNOR1,15091,LTEL,LITEL,SOMA
BDLL3,BRBDLLACNOR1,1520,BDLL,BARDELLA,BOLSA
BDLL4,BRBDLLACNPR8,1520,BDLL,BARDELLA,BOLSA
ENGI3,BRENGIACNOR0,15253,ENGI,ENERGISA,BOVESPA NIVEL 2
ENGI4,BRENGIACNPR7,15253,ENGI,ENERGISA,BOVESPA NIVEL 2
ENGI11,BRENGICDAM16,15253,ENGI,ENERGISA,BOVESPA NIVEL 2
ENGI12,BRENGIN01M19,15253,ENGI,ENERGISA,BOVESPA NIVEL 2
VSPT3,BRVSPTACNOR1,15369,VSPT,FER C ATLANT,BOLSA
VSPT4,BRVSPTACNPR8,15369,VSPT,FER C ATLANT,BOLSA
FICT3,BRFICTACNOR3,15423,FICT,FICTORALIMEN,BOLSA
EPAR3,BREPARACNOR9,15458,EPAR,EMBPAR S/A,BOLSA
NEOE3,BRNEOEACNOR3,15539,NEOE,NEOENERGIA,NOVO MERCADO
BALM3,BRBALMACNOR5,1562,BALM,BAUMER,BOLSA
BALM4,BRBALMACNPR2,1562,BALM,BAUMER,BOLSA
CGAS3,BRCGASACNOR0,15636,CGAS,COMGAS,BOLSA
CGAS5,BRCGASACNPA3,15636,CGAS,COMGAS,BOLSA
BAUH3,BRBAUHACNOR6,1570,BAUH,EXCELSIOR,BOLSA
BAUH4,BRBAUHACNPR3,1570,BAUH,EXCELSIOR,BOLSA
GFSA3,BRGFSAACNOR3,16101,GFSA,GAFISA,NOVO MERCADO
GFSA12,BRGFSAN02OR5,16101,GFSA,GAFISA,NOVO MERCADO
GFSA15,BRGFSAN03OR3,16101,GFSA,GAFISA,NOVO MERCADO
QVQP3,BRQVQPACNOR1,16284,QVQP,524 PARTICIP,BOLSA
RSID3,BRRSIDACNOR8,16306,RSID,ROSSI RESID,NOVO MERCADO
OPTS3,BROPTSACNOR6,16438,OPTS,SUL 116 PART,BOLSA
OPSE3,BROPSEACNOR8,16586,OPSE,SUDESTE S/A,BOLSA
EQMA3B,BREQMAACNOR8,16608,EQMA,EQTLMARANHAO,SOMA
EQMA5B,BREQMAACNPA1,16608,EQMA,EQTLMARANHAO,SOMA
EQMA6B,BREQMAACNPB9,16608,EQMA,EQTLMARANHAO,SOMA
CEGR3,BRCEGRACNOR4,16616,CEGR,CEG,BOLSA
DEXP3,BRDEXPACNOR1,16632,DEXP,DEXXOS PAR,BOVESPA NIVEL 1
DEXP4,BRDEXPACNPR8,16632,DEXP,DEXXOS PAR,BOVESPA NIVEL 1
PSSA3,BRPSSAACNOR7,16659,PSSA,PORTO SEGURO,NOVO MERCADO
CASN3,BRCASNACNOR6,16861,CASN,CASAN,BOLSA
CASN4,BRCASNACNPR3,16861,CASN,CASAN,BOLSA
BMKS3,BRBMKSACNOR9,1694,BMKS,BIC MONARK,BOLSA
EMAE3,BREMAEACNOR4,16993,EMAE,EMAE,BOLSA
EMAE4,BREMAEACNPR1,16993,EMAE,EMAE,BOLSA
EGIE3,BREGIEACNOR9,17329,EGIE,ENGIE BRASIL,NOVO MERCADO
EGIE-DEB72,BREGIEDBS043,17329,EGIE,ENGIE BRASIL,NOVO MERCADO
RAIL3,BRRAILACNOR9,17450,RAIL,RUMO S.A.,NOVO MERCADO
EKTR3,BREKTRACNOR0,17485,EKTR,ELEKTRO,BOLSA
EKTR4,BREKTRACNPR7,17485,EKTR,ELEKTRO,BOLSA
VIVT3,BRVIVTACNOR0,17671,VIVT,TELEF BRASIL,BOLSA
BETP3,BRBETPACNOR3,17884,BETP,BETAPART,BOLSA
MRSA3B,BRMRSAACNOR6,17949,MRSA,MRS LOGIST,SOMA
MRSA5B,BRMRSAACNPA9,17949,MRSA,MRS LOGIST,SOMA
MRSA6B,BRMRSAACNPB7,17949,MRSA,MRS LOGIST,SOMA
OPGM3,BROPGMACNOR6,17965,OPGM,GAMA PART,BOLSA
COGN3,BRCOGNACNOR2,17973,COGN,COGNA ON,NOVO MERCADO
EQPA3,BREQPAACNOR1,18309,EQPA,EQTL PARA,BOLSA
EQPA5,BREQPAACNPA4,18309,EQPA,EQTL PARA,BOLSA
EQPA6,BREQPAACNPB2,18309,EQPA,EQTL PARA,BOLSA
EQPA7,BREQPAACNPC0,18309,EQPA,EQTL PARA,BOLSA
PRPT3,BRPRPTACNOR5,18333,PRPT,PROMPT PART,BOLSA
GEPA3,BRGEPAACNOR2,18368,GEPA,GER PARANAP,BOLSA
GEPA4,BRGEPAACNPR9,18368,GEPA,GER PARANAP,BOLSA
ISAE3,BRISAEACNOR2,18376,ISAE,ISA ENERGIA,BOVESPA NIVEL 1
ISAE4,BRISAEACNPR9,18376,ISAE,ISA ENERGIA,BOVESPA NIVEL 1
PDTC3,BRPDTCACNOR3,18414,PDTC,PADTEC,NOVO MERCADO
UGPA3,BRUGPAACNOR8,18465,UGPA,ULTRAPAR,NOVO MERCADO
DTCY3,BRDTCYACNOR5,18597,DTCY,DTCOM-DIRECT,BOLSA
DTCY4,BRDTCYACNPR2,18597,DTCY,DTCOM-DIRECT,BOLSA
SAPR3,BRSAPRACNOR9,18627,SAPR,SANEPAR,BOVESPA NIVEL 2
SAPR4,BRSAPRACNPR6,18627,SAPR,SANEPAR,BOVESPA NIVEL 2
SAPR11,BRSAPRCDAM13,18627,SAPR,SANEPAR,BOVESPA NIVEL 2
CPFE3,BRCPFEACNOR0,18660,CPFE,CPFL ENERGIA,NOVO MERCADO
PEAB3,BRPEABACNOR3,18708,PEAB,PAR AL BAHIA,BOLSA
PEAB4,BRPEABACNPR0,18708,PEAB,PAR AL BAHIA,BOLSA
BRAP3,BRBRAPACNOR5,18724,BRAP,BRADESPAR,BOVESPA NIVEL 1
BRAP4,BRBRAPACNPR2,18724,BRAP,BRADESPAR,BOVESPA NIVEL 1
BSCS-CRIT3,BRBSCSCRI830,18759,BSCS,BRAZILIAN SC,BOLSA
BSCS-CRIT4,BRBSCSCRI848,18759,BSCS,BRAZILIAN SC,BOLSA
IVPR3B,BRIVPRACNOR6,18775,IVPR,INVEPAR,SOMA
IVPR4B,BRIVPRACNPR3,18775,IVPR,INVEPAR,SOMA
MOTV3,BRMOTVACNOR7,18821,MOTV,MOTIVA SA,NOVO MERCADO
CTAX3,BRCTAXACNOR3,19100,CTAX,CONTAX,BOLSA
CRTE3,BRCRTEACNOR7,19208,CRTE,CONC RIO TER,BOLSA
CRTE5,BRCRTEACNPA0,19208,CRTE,CONC RIO TER,BOLSA
PRMN3B,BRPRMNACNOR5,19232,PRMN,PROMAN,SOMA
BIOM3,BRBIOMACNOR2,19305,BIOM,BIOMM,MAIS
BIOM12,BRBIOMN03OR2,19305,BIOM,BIOMM,MAIS
BIOM13,BRBIOMN04OR0,19305,BIOM,BIOMM,MAIS
BIOM14,BRBIOMN05OR7,19305,BIOM,BIOMM,MAIS
BIOM11,BRBIOMN06OR5,19305,BIOM,BIOMM,MAIS
TPIS3,BRTPISACNOR8,19330,TPIS,TRIUNFO PART,NOVO MERCADO
ITUB3,BRITUBACNOR4,19348,ITUB,ITAUUNIBANCO,BOVESPA NIVEL 1
ITUB4,BRITUBACNPR1,19348,ITUB,ITAUUNIBANCO,BOVESPA NIVEL 1
CSMG3,BRCSMGACNOR5,19445,CSMG,COPASA,NOVO MERCADO
ECOR3,BRECORACNOR8,19453,ECOR,ECORODOVIAS,NOVO MERCADO
NATU3,BRNATUACNOR6,19550,NATU,NATURA,NOVO MERCADO
GOLL53,BRGOLLA01OR8,19569,GOLL,GOL,BOVESPA NIVEL 2
GOLL54,BRGOLLA01PR5,19569,GOLL,GOL,BOVESPA NIVEL 2
GOLL3,BRGOLLACNOR7,19569,GOLL,GOL,BOVESPA NIVEL 2
GOLL80,BRGOLLN04PR2,19569,GOLL,GOL,BOVESPA NIVEL 2
GRND3,BRGRNDACNOR3,19615,GRND,GRENDENE,NOVO MERCADO
DASA3,BRDASAACNOR1,19623,DASA,DASA,NOVO MERCADO
RENT3,BRRENTACNOR4,19739,RENT,LOCALIZA,NOVO MERCADO
RENT4,BRRENTACNPR1,19739,RENT,LOCALIZA,NOVO MERCADO
RENT99,BRRENTCDAXX4,19739,RENT,LOCALIZA,NOVO MERCADO
CSAN3,BRCSANACNOR6,19836,CSAN,COSAN,NOVO MERCADO
LIGT3,BRLIGTACNOR2,19879,LIGT,LIGHT S/A,NOVO MERCADO
LIGT12,BRLIGTN01OR6,19879,LIGT,LIGHT S/A,NOVO MERCADO
TOTS3,BRTOTSACNOR8,19992,TOTS,TOTVS,NOVO MERCADO
EQTL3,BREQTLACNOR0,20010,EQTL,EQUATORIAL,NOVO MERCADO
VLID3,BRVLIDACNOR5,20028,VLID,VALID,NOVO MERCADO
AGRO3,BRAGROACNOR7,20036,AGRO,BRASILAGRO,NOVO MERCADO
CSUD3,BRCSUDACNOR5,20044,CSUD,CSU DIGITAL,NOVO MERCADO
LUPA3,BRLUPAACNOR8,20060,LUPA,LUPATECH,NOVO MERCADO
LUPA12,BRLUPAN02OR0,20060,LUPA,LUPATECH,NOVO MERCADO
LUPA13,BRLUPAN03OR8,20060,LUPA,LUPATECH,NOVO MERCADO
EMBJ3,BREMBJACNOR1,20087,EMBJ,EMBRAER,NOVO MERCADO
ODPV3,BRODPVACNOR4,20125,ODPV,ODONTOPREV,NOVO MERCADO
TAEE3,BRTAEEACNOR9,20257,TAEE,TAESA,BOVESPA NIVEL 2
TAEE4,BRTAEEACNPR6,20257,TAEE,TAESA,BOVESPA NIVEL 2
TAEE11,BRTAEECDAM10,20257,TAEE,TAESA,BOVESPA NIVEL 2
MDIA3,BRMDIAACNOR7,20338,MDIA,M.DIASBRANCO,NOVO MERCADO
PFRM3,BRPFRMACNOR1,20346,PFRM,PROFARMA,NOVO MERCADO
POSI3,BRPOSIACNOR9,20362,POSI,POSITIVO TEC,NOVO MERCADO
LPSB3,BRLPSBACNOR0,20370,LPSB,LOPES BRASIL,NOVO MERCADO
TCSA3,BRTCSAACNOR3,20435,TCSA,TECNISA,NOVO MERCADO
PDGR3,BRPDGRACNOR8,20478,PDGR,PDG REALT,NOVO MERCADO
SMTO3,BRSMTOACNOR3,20516,SMTO,SAO MARTINHO,NOVO MERCADO
EVEN3,BREVENACNOR8,20524,EVEN,EVEN,NOVO MERCADO
SANB3,BRSANBACNOR8,20532,SANB,SANTANDER BR,BOLSA
SANB4,BRSANBACNPR5,20532,SANB,SANTANDER BR,BOLSA
SANB11,BRSANBCDAM13,20532,SANB,SANTANDER BR,BOLSA
PINE3,BRPINEACNOR1,20567,PINE,PINE,BOVESPA NIVEL 2
PINE4,BRPINEACNPR8,20567,PINE,PINE,BOVESPA NIVEL 2
PINE11,BRPINEN01M18,20567,PINE,PINE,BOVESPA NIVEL 2
PINE13,BRPINEN03M16,20567,PINE,PINE,BOVESPA NIVEL 2
PINE14,BRPINEN04M15,20567,PINE,PINE,BOVESPA NIVEL 2
JHSF3,BRJHSFACNOR2,20605,JHSF,JHSF PART,NOVO MERCADO
FRIO3,BRFRIOACNOR2,20613,FRIO,METALFRIO,NOVO MERCADO
FHER3,BRFHERACNOR5,20621,FHER,FER HERINGER,NOVO MERCADO
FIEI3,BRFIEIACNOR2,20630,FIEI,FICA,BOLSA
CEED3,BRCEEDACNOR9,20648,CEED,CEEE-D,BOLSA
CEED4,BRCEEDACNPR6,20648,CEED,CEEE-D,BOLSA
VIVR3,BRVIVRACNOR4,20702,VIVR,VIVER,NOVO MERCADO
VIVR11,BRVIVRN01OR8,20702,VIVR,VIVER,NOVO MERCADO
LOGN3,BRLOGNACNOR3,20710,LOGN,LOG-IN,NOVO MERCADO
SLCE3,BRSLCEACNOR2,20745,SLCE,SLC AGRICOLA,NOVO MERCADO
EZTC3,BREZTCACNOR0,20770,EZTC,EZTEC,NOVO MERCADO
MBRF3,BRMBRFACNOR1,20788,MBRF,MARFRIG,NOVO MERCADO
TGMA3,BRTGMAACNOR7,20800,TGMA,TEGMA,NOVO MERCADO
HBOR3,BRHBORACNOR3,20877,HBOR,HELBOR,NOVO MERCADO
MRVE3,BRMRVEACNOR2,20915,MRVE,MRV,NOVO MERCADO
BEEF3,BRBEEFACNOR6,20931,BEEF,MINERVA,NOVO MERCADO
BEEF11,BRBEEFN03OR6,20931,BEEF,MINERVA,NOVO MERCADO
ABCB4,BRABCBACNPR4,20958,ABCB,ABC BRASIL,BOVESPA NIVEL 2
SGPS3,BRSGPSACNOR4,20966,SGPS,SPRINGS,BOLSA
MULT3,BRMULTACNOR5,20982,MULT,MULTIPLAN,BOVESPA NIVEL 2
AMER3,BRAMERACNOR6,20990,AMER,AMERICANAS,NOVO MERCADO
AMER11,BRAMERN01OR0,20990,AMER,AMERICANAS,NOVO MERCADO
CAMB3,BRCAMBACNOR4,2100,CAMB,CAMBUCI,BOLSA
GSHP3,BRGSHPACNOR7,21008,GSHP,GENERALSHOPP,BOLSA
YDUQ3,BRYDUQACNOR3,21016,YDUQ,YDUQS PART,NOVO MERCADO
SYNE3,BRSYNEACNOR2,21040,SYNE,SYN PROP TEC,NOVO MERCADO
MDNE3,BRMDNEACNOR9,21067,MDNE,MOURA DUBEUX,NOVO MERCADO
DXCO3,BRDXCOACNOR8,21091,DXCO,DEXCO,NOVO MERCADO
TRIS3,BRTRISACNOR4,21130,TRIS,TRISUL,NOVO MERCADO
TEND3,BRTENDACNOR4,21148,TEND,TENDA,NOVO MERCADO
NEXP3,BRNEXPACNOR0,21180,NEXP,NEXPE,BOLSA
ENEV3,BRENEVACNOR8,21237,ENEV,ENEVA,NOVO MERCADO
NUTR3,BRNUTRACNOR0,21334,NUTR,NUTRIPLANT,MAIS
OSXB3,BROSXBACNOR8,21342,OSXB,OSX BRASIL,NOVO MERCADO
DIRR3,BRDIRRACNOR0,21350,DIRR,DIRECIONAL,NOVO MERCADO
GPAR3,BRGPARACNOR4,21393,GPAR,CELGPAR,BOLSA
HYPE3,BRHYPEACNOR0,21431,HYPE,HYPERA,NOVO MERCADO
VSTE3,BRVSTEACNOR5,21440,VSTE,VESTE,NOVO MERCADO
ALUP3,BRALUPACNOR8,21490,ALUP,ALUPAR,BOVESPA NIVEL 2
ALUP4,BRALUPACNPR5,21490,ALUP,ALUPAR,BOVESPA NIVEL 2
ALUP11,BRALUPCDAM15,21490,ALUP,ALUPAR,BOVESPA NIVEL 2
B3SA3,BRB3SAACNOR6,21610,B3SA,B3,NOVO MERCADO
RNEW3,BRRNEWACNOR8,21636,RNEW,RENOVA,BOVESPA NIVEL 2
RNEW4,BRRNEWACNPR5,21636,RNEW,RENOVA,BOVESPA NIVEL 2
FLRY3,BRFLRYACNOR5,21881,FLRY,FLEURY,NOVO MERCADO
MILS3,BRMILSACNOR2,22012,MILS,MILLS,NOVO MERCADO
JSLG3,BRJSLGACNOR2,22020,JSLG,JSL,NOVO MERCADO
AMAR3,BRAMARACNOR4,22055,AMAR,LOJAS MARISA,NOVO MERCADO
AFLT3,BRAFLTACNOR1,22179,AFLT,AFLUENTE T,BOLSA
PRIO3,BRPRIOACNOR1,22187,PRIO,PETRORIO,NOVO MERCADO
AZZA3,BRAZZAACNOR9,22349,AZZA,AZZAS 2154,NOVO MERCADO
ALOS3,BRALOSACNOR5,22357,ALOS,ALLOS,NOVO MERCADO
SHOW3,BRSHOWACNOR7,22454,SHOW,TIME FOR FUN,NOVO MERCADO
MGLU3,BRMGLUACNOR2,22470,MGLU,MAGAZ LUIZA,NOVO MERCADO
QUAL3,BRQUALACNOR6,22497,QUAL,QUALICORP,NOVO MERCADO
TECN3,BRTECNACNOR6,22519,TECN,TECHNOS,NOVO MERCADO
PGMN3,BRPGMNACNOR8,22608,PGMN,PAGUE MENOS,NOVO MERCADO
PGMN9,BRPGMNR06OR2,22608,PGMN,PAGUE MENOS,NOVO MERCADO
BPAC3,BRBPACACNOR7,22616,BPAC,BTGP BANCO,BOVESPA NIVEL 2
BPAC5,BRBPACACNPA0,22616,BPAC,BTGP BANCO,BOVESPA NIVEL 2
BPAC11,BRBPACUNT006,22616,BPAC,BTGP BANCO,BOVESPA NIVEL 2
HBSA3,BRHBSAACNOR0,22675,HBSA,HIDROVIAS,NOVO MERCADO
UCAS3,BRUCASACNOR1,22780,UCAS,UNICASA,NOVO MERCADO
BBSE3,BRBBSEACNOR5,23159,BBSE,BBSEGURIDADE,NOVO MERCADO
IGSN3,BRIGSNACNOR0,23175,IGSN,IGUA SA,MAIS
SEER3,BRSEERACNOR5,23221,SEER,SER EDUCA,NOVO MERCADO
ANIM3,BRANIMACNOR6,23248,ANIM,ANIMA,NOVO MERCADO
ABEV3,BRABEVACNOR1,23264,ABEV,AMBEV S/A,BOLSA
LOGG3,BRLOGGACNOR7,23272,LOGG,LOG COM PROP,NOVO MERCADO
QUSW3,BRQUSWACNOR5,23302,QUSW,QUALITY SOFT,MAIS
CVCB3,BRCVCBACNOR1,23310,CVCB,CVC BRASIL,NOVO MERCADO
OFSA3,BROFSAACNOR7,23507,OFSA,OUROFINO S/A,NOVO MERCADO
AGRU-DEB21,BRAGRUDBS048,23515,AGRU,GRUAIRPORT,BOLSA
PSVM11,BRPSVMTRV004,23523,PSVM,PORTO VM,BOLSA
MEAL3,BRMEALACNOR9,23574,MEAL,IMC S/A,NOVO MERCADO
WIZC3,BRWIZCACNOR5,23590,WIZC,WIZ CO,NOVO MERCADO
CXSE3,BRCXSEACNOR7,23795,CXSE,CAIXA SEGURI,NOVO MERCADO
BRQB3,BRBRQBACNOR1,23817,BRQB,BRQ,MAIS
MOVI3,BRMOVIACNOR0,23825,MOVI,MOVIDA,NOVO MERCADO
CTCA3,BRCTCAACNOR7,23981,CTCA,CTC S.A.,MAIS
AALR3,BRAALRACNOR6,24058,AALR,ALLIAR,NOVO MERCADO
AALR1,BRAALRD02OR9,24058,AALR,ALLIAR,NOVO MERCADO
AZUL53,BRAZULA01OR8,24112,AZUL,AZUL,BOVESPA NIVEL 2
AZUL80,BRAZULN02PR6,24112,AZUL,AZUL,BOVESPA NIVEL 2
IRBR3,BRIRBRACNOR4,24180,IRBR,IRBBRASIL RE,NOVO MERCADO
CAML3,BRCAMLACNOR3,24228,CAML,CAMIL,NOVO MERCADO
PRNR3,BRPRNRACNOR4,24236,PRNR,PRINER,NOVO MERCADO
SMFT3,BRSMFTACNOR1,24260,SMFT,SMART FIT,NOVO MERCADO
SMFT9,BRSMFTR04OR0,24260,SMFT,SMART FIT,NOVO MERCADO
INNC3,BRINNCACNOR0,24279,INNC,INC SA,MAIS
RANI3,BRRANIACNOR5,2429,RANI,IRANI,NOVO MERCADO
VBBR3,BRVBBRACNOR1,24295,VBBR,VIBRA,NOVO MERCADO
AXIA3,BRAXIAACNOR0,2437,AXIA,AXIA ENERGIA,BOVESPA NIVEL 1
AXIA5,BRAXIAACNPA3,2437,AXIA,AXIA ENERGIA,BOVESPA NIVEL 1
AXIA6,BRAXIAACNPB1,2437,AXIA,AXIA ENERGIA,BOVESPA NIVEL 1
AXIA7,BRAXIAACNPC9,2437,AXIA,AXIA ENERGIA,BOVESPA NIVEL 1
AXIA99,BRAXIACDAM14,2437,AXIA,AXIA ENERGIA,BOVESPA NIVEL 1
AXIA98,BRAXIACDAXX0,2437,AXIA,AXIA ENERGIA,BOVESPA NIVEL 1
HAPV3,BRHAPVACNOR4,24392,HAPV,HAPVIDA,NOVO MERCADO
CMIG3,BRCMIGACNOR6,2453,CMIG,CEMIG,BOVESPA NIVEL 1
CMIG4,BRCMIGACNPR3,2453,CMIG,CEMIG,BOVESPA NIVEL 1
PTCA3,BRPTCAACNOR9,24546,PTCA,PRATICA,MAIS NIVEL 2
BMGB4,BRBMGBACNPR0,24600,BMGB,BANCO BMG,BOVESPA NIVEL 1
BMGB2,BRBMGBD02PR3,24600,BMGB,BANCO BMG,BOVESPA NIVEL 1
CLSC3,BRCLSCACNOR6,2461,CLSC,CELESC,BOVESPA NIVEL 2
CLSC4,BRCLSCACNPR3,2461,CLSC,CELESC,BOVESPA NIVEL 2
BLAU3,BRBLAUACNOR8,24627,BLAU,BLAU,NOVO MERCADO
BBML3,BRBBMLACNOR3,24660,BBML,BBMLOGISTICA,MAIS
SBFG3,BRSBFGACNOR1,24694,SBFG,GRUPO SBF,NOVO MERCADO
VAMO3,BRVAMOACNOR7,24716,VAMO,VAMOS,NOVO MERCADO
VAMO99,BRVAMOCDAXX7,24716,VAMO,VAMOS,NOVO MERCADO
LTLA3B,BRLTLAACNOR9,24759,LTLA,LITELA,SOMA
VIVA3,BRVIVAACNOR0,24805,VIVA,VIVARA S.A.,NOVO MERCADO
RDOR3,BRRDORACNOR8,24821,RDOR,REDE D OR,NOVO MERCADO
CEAB3,BRCEABACNOR1,24848,CEAB,CEA MODAS,NOVO MERCADO
LMED3,BRLMEDACNOR3,24872,LMED,LIFEMED,MAIS
MTRE3,BRMTREACNOR6,24902,MTRE,MITRE REALTY,NOVO MERCADO
LWSA3,BRLWSAACNOR8,24910,LWSA,LWSA,NOVO MERCADO
TIMS3,BRTIMSACNOR5,24929,TIMS,TIM,NOVO MERCADO
ALPK3,BRALPKACNOR9,24953,ALPK,ESTAPAR,NOVO MERCADO
AMBP3,BRAMBPACNOR6,24961,AMBP,AMBIPAR,NOVO MERCADO
SIMH3,BRSIMHACNOR0,25003,SIMH,SIMPAR,NOVO MERCADO
LJQQ3,BRLJQQACNOR5,25038,LJQQ,QUERO-QUERO,NOVO MERCADO
DMVF3,BRDMVFACNOR9,25046,DMVF,D1000VFARMA,NOVO MERCADO
LAVV3,BRLAVVACNOR4,25062,LAVV,LAVVI,NOVO MERCADO
PLPL3,BRPLPLACNOR5,25070,PLPL,PLANOEPLANO,NOVO MERCADO
CURY3,BRCURYACNOR3,25100,CURY,CURY S/A,NOVO MERCADO
MELK3,BRMELKACNOR8,25119,MELK,MELNICK,NOVO MERCADO
PASS3,BRPASSACNOR7,25127,PASS,COMPASS,BOLSA
PASS5,BRPASSACNPA0,25127,PASS,COMPASS,BOLSA
PASS6,BRPASSACNPB8,25127,PASS,COMPASS,BOLSA
SEQL3,BRSEQLACNOR2,25160,SEQL,SEQUOIA LOG,NOVO MERCADO
GMAT3,BRGMATACNOR7,25186,GMAT,GRUPO MATEUS,NOVO MERCADO
TFCO4,BRTFCOACNPR8,25208,TFCO,TRACK FIELD,BOVESPA NIVEL 2
CASH3,BRCASHACNOR8,25232,CASH,MELIUZ,NOVO MERCADO
ENJU3,BRENJUACNOR9,25259,ENJU,ENJOEI,NOVO MERCADO
AVLL3,BRAVLLACNOR5,25275,AVLL,ALPHAVILLE,NOVO MERCADO
AVLL11,BRAVLLN02OR7,25275,AVLL,ALPHAVILLE,NOVO MERCADO
AVLL12,BRAVLLN03OR5,25275,AVLL,ALPHAVILLE,NOVO MERCADO
AERI3,BRAERIACNOR4,25283,AERI,AERIS,NOVO MERCADO
BRAV3,BRBRAVACNOR3,25291,BRAV,BRAVA,NOVO MERCADO
ALLD3,BRALLDACNOR3,25330,ALLD,ALLIED,NOVO MERCADO
ASAI3,BRASAIACNOR0,25372,ASAI,ASSAI,NOVO MERCADO
NGRD3,BRNGRDACNOR3,25399,NGRD,NEOGRID,NOVO MERCADO
HBRE3,BRHBREACNOR4,25402,HBRE,HBR REALTY,NOVO MERCADO
ESPA3,BRESPAACNOR7,25445,ESPA,ESPACOLASER,NOVO MERCADO
INTB3,BRINTBACNOR9,25453,INTB,INTELBRAS,NOVO MERCADO
TOKY3,BRTOKYACNOR5,25461,TOKY,GRUPO TOKY,NOVO MERCADO
TOKY12,BRTOKYN01OR9,25461,TOKY,GRUPO TOKY,NOVO MERCADO
TOKY11,BRTOKYN02OR7,25461,TOKY,GRUPO TOKY,NOVO MERCADO
JALL3,BRJALLACNOR0,25496,JALL,JALLESMACHAD,NOVO MERCADO
BMOB3,BRBMOBACNOR7,25500,BMOB,BEMOBI TECH,NOVO MERCADO
WEST3,BRWESTACNOR3,25518,WEST,WESTWING,NOVO MERCADO
CSED3,BRCSEDACNOR9,25526,CSED,CRUZEIRO EDU,NOVO MERCADO
OPCT3,BROPCTACNOR0,25534,OPCT,OCEANPACT,NOVO MERCADO
LLBI3,BRLLBIACNOR0,25542,LLBI,LE BISCUIT,BOLSA
ORVR3,BRORVRACNOR0,25550,ORVR,ORIZON,NOVO MERCADO
CMIN3,BRCMINACNOR2,25585,CMIN,CSNMINERACAO,BOVESPA NIVEL 2
AGXY3,BRAGXYACNOR4,25658,AGXY,AGROGALAXY,NOVO MERCADO
HMOB3,BRHMOBACNOR4,25674,HMOB,HMOBI S.A,BOLSA
VVEO3,BRVVEOACNOR0,25682,VVEO,VIVEO,NOVO MERCADO
MATD3,BRMATDACNOR4,25690,MATD,MATER DEI,NOVO MERCADO
SOJA3,BRSOJAACNOR9,25704,SOJA,BOA SAFRA,NOVO MERCADO
GGPS3,BRGGPSACNOR9,25712,GGPS,GPS,NOVO MERCADO
RIOS3,BRRIOSACNOR5,25720,RIOS,RIO ALTO,BOLSA
IFCM3,BRIFCMACNOR8,25747,IFCM,INFRACOMM,NOVO MERCADO
IFCM1,BRIFCMD06OR2,25747,IFCM,INFRACOMM,NOVO MERCADO
VITT3,BRVITTACNOR4,25763,VITT,VITTIA,NOVO MERCADO
RECV3,BRRECVACNOR3,25780,RECV,PETRORECSA,NOVO MERCADO
KLAS3,BRKLASACNOR3,25798,KLAS,KALLAS,BOLSA
RBNS11,BRRBNSCDAM14,25801,RBNS,RODOBENS,BOLSA
DOTZ3,BRDOTZACNOR7,25836,DOTZ,DOTZ SA,NOVO MERCADO
BRBI11,BRBRBICDAM10,25860,BRBI,BR PARTNERS,BOVESPA NIVEL 2
ARND3,BRARNDACNOR6,25887,ARND,ARANDU,NOVO MERCADO
WDCN3,BRWDCNACNOR2,25895,WDCN,WDC NETWORKS,NOVO MERCADO
RAIZ4,BRRAIZACNPR6,25917,RAIZ,RAIZEN,BOVESPA NIVEL 2
TTEN3,BRTTENACNOR0,25950,TTEN,3TENTOS,NOVO MERCADO
CBAV3,BRCBAVACNOR5,25984,CBAV,CBA,NOVO MERCADO
LAND3,BRLANDACNOR9,26000,LAND,TERRASANTAPA,NOVO MERCADO
DESK3,BRDESKACNOR2,26026,DESK,DESKTOP,NOVO MERCADO
MLAS3,BRMLASACNOR9,26034,MLAS,MULTILASER,NOVO MERCADO
FIQE3,BRFIQEACNOR5,26050,FIQE,UNIFIQUE,NOVO MERCADO
ARML3,BRARMLACNOR1,26069,ARML,ARMAC,NOVO MERCADO
TRAD3,BRTRADACNOR3,26077,TRAD,TC,NOVO MERCADO
ONCO3,BRONCOACNOR6,26123,ONCO,ONCOCLINICAS,NOVO MERCADO
ONCO11,BRONCON01OR0,26123,ONCO,ONCOCLINICAS,NOVO MERCADO
AESO3,BRAESOACNOR0,26174,AESO,AESOPERACOES,BOLSA
COMR3,BRCOMRACNOR1,26280,COMR,COMERC PAR,BOLSA
AURE3,BRAUREACNOR9,26620,AURE,AUREN,NOVO MERCADO
AURE99,BRAURECDAXX9,26620,AURE,AUREN,NOVO MERCADO
VTRU3,BRVTRUACNOR3,27057,VTRU,VITRUEDUCA,NOVO MERCADO
EGGY3,BREGGYACNOR1,27219,EGGY,GRANJA FARIA,BOLSA
CCTY3,BRCCTYACNOR7,27570,CCTY,RDVC CITY,NOVO MERCADO
AZTE3,BRAZTEACNOR4,27626,AZTE,AZT ENERGIA,BOLSA
AZTE11,BRAZTEN01OR8,27626,AZTE,AZT ENERGIA,BOLSA
ADMF3,BRADMFACNOR3,27634,ADMF,CIABRASF,NOVO MERCADO
RVEE3,BRRVEEACNOR9,27650,RVEE,REVEE,NOVO MERCADO
ATED3,BRATEDACNOR1,27677,ATED,ATOM EDUC,BOLSA
BRST3,BRBRSTACNOR9,27693,BRST,BRISANET,NOVO MERCADO
AMOB3,BRAMOBACNOR9,27707,AMOB,AUTOMOB,NOVO MERCADO
AUAU3,BRAUAUACNOR1,27766,AUAU,PETZCOBASI,NOVO MERCADO
AUAU99,BRAUAUCDAXX1,27766,AUAU,PETZCOBASI,NOVO MERCADO
SALT3,BRSALTACNOR4,27820,SALT,GRUPO SALTA,BOVESPA NIVEL 2
SALT5,BRSALTACNPA7,27820,SALT,GRUPO SALTA,BOVESPA NIVEL 2
OBTC3,BROBTCACNOR0,27910,OBTC,ORANJEBTC,BOLSA
CBEE3,BRCBEEACNOR3,3050,CBEE,AMPLA ENERG,BOLSA
FESA3,BRFESAACNOR8,3069,FESA,FERBASA,BOVESPA NIVEL 1
FESA4,BRFESAACNPR5,3069,FESA,FERBASA,BOVESPA NIVEL 1
CEDO3,BRCEDOACNOR8,3077,CEDO,CEDRO,BOVESPA NIVEL 1
CEDO4,BRCEDOACNPR5,3077,CEDO,CEDRO,BOVESPA NIVEL 1
CTNM3,BRCTNMACNOR9,3158,CTNM,COTEMINAS,BOLSA
CTNM4,BRCTNMACNPR6,3158,CTNM,COTEMINAS,BOLSA
REDE3,BRREDEACNOR7,3190,REDE,REDE ENERGIA,BOLSA
HBTS3,BRHBTSACNOR0,3298,HBTS,HABITASUL,BOLSA
HBTS5,BRHBTSACNPA3,3298,HBTS,HABITASUL,BOLSA
HBTS6,BRHBTSACNPB1,3298,HBTS,HABITASUL,BOLSA
CATA3,BRCATAACNOR1,3395,CATA,IND CATAGUAS,BOLSA
CATA4,BRCATAACNPR8,3395,CATA,IND CATAGUAS,BOLSA
MSPA3,BRMSPAACNOR0,3654,MSPA,MELHOR SP,BOLSA
MSPA4,BRMSPAACNPR7,3654,MSPA,MELHOR SP,BOLSA
GGBR3,BRGGBRACNOR1,3980,GGBR,GERDAU,BOVESPA NIVEL 1
GGBR4,BRGGBRACNPR8,3980,GGBR,GERDAU,BOVESPA NIVEL 1
CSNA3,BRCSNAACNOR6,4030,CSNA,SID NACIONAL,BOLSA
CTSA3,BRCTSAACNOR3,4081,CTSA,SANTANENSE,BOLSA
CTSA4,BRCTSAACNPR0,4081,CTSA,SANTANENSE,BOLSA
CTKA3,BRCTKAACNOR0,4146,CTKA,KARSTEN,BOLSA
CTKA4,BRCTKAACNPR7,4146,CTKA,KARSTEN,BOLSA
VALE3,BRVALEACNOR0,4170,VALE,VALE,NOVO MERCADO
VALE-DEB84,BRVALEDBS085,4170,VALE,VALE,NOVO MERCADO
CGRA3,BRCGRAACNOR2,4537,CGRA,GRAZZIOTIN,BOLSA
CGRA4,BRCGRAACNPR9,4537,CGRA,GRAZZIOTIN,BOLSA
GUAR3,BRGUARACNOR4,4669,GUAR,GUARARAPES,NOVO MERCADO
ODER3,BRODERACNOR6,4693,ODER,ODERICH,BOLSA
ODER4,BRODERACNPR3,4693,ODER,ODERICH,BOLSA
CALI3,BRCALIACNOR1,4723,CALI,CONST A LIND,BOLSA
CALI11,BRCALIN01OR5,4723,CALI,CONST A LIND,BOLSA
BRKM3,BRBRKMACNOR1,4820,BRKM,BRASKEM,BOVESPA NIVEL 1
BRKM5,BRBRKMACNPA4,4820,BRKM,BRASKEM,BOVESPA NIVEL 1
BRKM6,BRBRKMACNPB2,4820,BRKM,BRASKEM,BOVESPA NIVEL 1
EMLC39,BREMLCBDR009,50000,EMLC,VANECK JPM E,BOLSA
BBGR39,BRBBGRBDR006,50001,BBGR,BKR US GREEN,BOLSA
BICV39,BRBICVBDR002,50004,BICV,BKR CNVTIBLE,BOLSA
BMBB39,BRBMBBBDR008,50005,BMBB,BKR MBS,BOLSA
BEAG39,BRBEAGBDR006,50006,BEAG,BKR ESG AGGR,BOLSA
BFAL39,BRBFALBDR003,50007,BFAL,BKR FLL ANGL,BOLSA
BAOA39,BRBAOABDR008,50009,BAOA,BKR AGR ALOC,BOLSA
BAOK39,BRBAOKBDR007,50010,BAOK,BKR CSV ALOC,BOLSA
BDVE39,BRBDVEBDR009,50011,BDVE,BKR EMER DIV,BOLSA
BEMC39,BRBEMCBDR000,50012,BEMC,BKR EME XCHI,BOLSA
BTFL39,BRBTFLBDR003,50013,BTFL,BKR FLOT RTE,BOLSA
BQLT39,BRBQLTBDR000,50014,BQLT,BKR A RATED,BOLSA
BAGG39,BRBAGGBDR001,50015,BAGG,BKR US AGGRE,BOLSA
BPVE39,BRBPVEBDR003,50017,BPVE,GX INFRA DEV,BOLSA
BSTI39,BRBSTIBDR002,50018,BSTI,BKR STIP,BOLSA
BTIP39,BRBTIPBDR008,50019,BTIP,BKR TIP,BOLSA
BCOM39,BRBCOMBDR009,50020,BCOM,BKR COMT ROL,BOLSA
BIDV39,BRBIDVBDR000,50021,BIDV,BKR INTL SLD,BOLSA
BAOR39,BRBAORBDR002,50022,BAOR,BKR BAL ALOC,BOLSA
BAOM39,BRBAOMBDR003,50023,BAOM,BKR MOD ALOC,BOLSA
BLBT39,BRBLBTBDR002,50025,BLBT,GX LITHIUM B,BOLSA
BUSF39,BRBUSFBDR006,50031,BUSF,WT FLOATRATE,BOLSA
BHER39,BRBHERBDR008,50033,BHER,GX GAMES SPT,BOLSA
BAGY39,BRBAGYBDR004,50034,BAGY,WT YIELD ENH,BOLSA
BAIQ39,BRBAIQBDR006,50035,BAIQ,GX AI TECH,BOLSA
IBIT39,BRIBITBDR003,50036,IBIT,BKR BITCOIN,BOLSA
ETHA39,BRETHABDR006,50037,ETHA,BKR ETHEREUM,BOLSA
TBIL39,BRTBILBDR007,50038,TBIL,GX T BILL,BOLSA
BSDY39,BRBSDYBDR003,50039,BSDY,FT SMID CAP,BOLSA
BLPX39,BRBLPXBDR004,50041,BLPX,GX MLP EN IN,BOLSA
BGRI39,BRBGRIBDR001,50042,BGRI,FT NSDQ GRID,BOLSA
BAIR39,BRBAIRBDR004,50043,BAIR,FT RBA AIRR,BOLSA
BKWB39,BRBKWBBDR008,50044,BKWB,KR CSI CHINA,BOLSA
BKBA39,BRBKBABDR004,50045,BKBA,KR MSCI CH50,BOLSA
BROB39,BRBROBBDR000,50046,BROB,FT NSDQ ROBT,BOLSA
BFIW39,BRBFIWBDR003,50047,BFIW,FT WATER,BOLSA
BTLH39,BRBTLHBDR009,50048,BTLH,BKR 1020Y TB,BOLSA
BGOZ39,BRBGOZBDR002,50049,BGOZ,BKR TRSTRIPS,BOLSA
BIAG39,BRBIAGBDR007,50050,BIAG,BKR INTLAGGT,BOLSA
BIGO39,BRBIGOBDR008,50052,BIGO,BKR INTL TRS,BOLSA
BIGL39,BRBIGLBDR004,50053,BIGL,BKR10PLUSGC,BOLSA
BIAT39,BRBIATBDR000,50054,BIAT,BKR REGBANK,BOLSA
BEUW39,BRBEUWBDR001,50055,BEUW,BKR EQUALWG,BOLSA
BIXU39,BRBIXUBDR000,50056,BIXU,BKR TI STOCK,BOLSA
BGLC39,BRBGLCBDR007,50057,BGLC,BKR GLOB100,BOLSA
BECH39,BRBECHBDR000,50058,BECH,BKR CHILE,BOLSA
BFEM39,BRBFEMBDR003,50060,BFEM,FT EMERMARKT,BOLSA
BFTG39,BRBFTGBDR003,50061,BFTG,FT GROW STRE,BOLSA
G1TR39,BRG1TRBDR001,50062,G1TR,ABRDN PMETAL,BOLSA
TOPB39,BRTOPBBDR006,50063,TOPB,TOP20USSTOCK,BOLSA
QTOP39,BRQTOPBDR004,50064,QTOP,NASDAQ TOP30,BOLSA
BIJT39,BRBIJTBDR001,50065,BIJT,SP SCAP 600G,BOLSA
BGAR39,BRBGARBDR008,50066,BGAR,MSCI US GARP,BOLSA
BLPA39,BRBLPABDR002,50068,BLPA,GX MLP ETF,BOLSA
BIAI39,BRBIAIBDR003,50069,BIAI,USBROKERD SE,BOLSA
BIAK39,BRBIAKBDR009,50070,BIAK,US INSURANCE,BOLSA
BIEZ39,BRBIEZBDR009,50071,BIEZ,USOIL EQSRV,BOLSA
BIYZ39,BRBIYZBDR007,50072,BIYZ,US TELECOM,BOLSA
ACWX39,BRACWXBDR001,50073,ACWX,MSCI ACWI US,BOLSA
BIWD39,BRBIWDBDR008,50074,BIWD,RUSSEL 1000V,BOLSA
BDRI39,BRBDRIBDR008,50076,BDRI,GX AEVEHICLE,BOLSA
EDEN39,BREDENBDR000,50077,EDEN,MSCI DENMARK,BOLSA
EIDO39,BREIDOBDR009,50078,EIDO,MSCIINDONESI,BOLSA
BEIS39,BRBEISBDR004,50079,BEIS,MSCI ISRAEL,BOLSA
EPHE39,BREPHEBDR006,50080,EPHE,MSCIPHILIPNE,BOLSA
EPOL39,BREPOLBDR007,50081,EPOL,MSCI POLAND,BOLSA
BEPU39,BRBEPUBDR005,50082,BEPU,MSCI PERU GE,BOLSA
BCPX39,BRBCPXBDR003,50084,BCPX,GX COPPER MN,BOLSA
BEWD39,BRBEWDBDR007,50085,BEWD,MSCI SWEDEN,BOLSA
BEWI39,BRBEWIBDR006,50086,BEWI,MSCI ITALY,BOLSA
EWJV39,BREWJVBDR002,50087,EWJV,MSCI JAPAN V,BOLSA
BEWM39,BRBEWMBDR008,50088,BEWM,MSCIMALAYSIA,BOLSA
BEWN39,BRBEWNBDR006,50089,BEWN,MSCINETHERLD,BOLSA
BEWO39,BRBEWOBDR004,50090,BEWO,MSCI AUSTRIA,BOLSA
BSDV39,BRBSDVBDR009,50092,BSDV,GX SUPERDIVD,BOLSA
BEWS39,BRBEWSBDR005,50093,BEWS,MSCISINGAPOR,BOLSA
BEZA39,BRBEZABDR006,50094,BEZA,MSCI SAFRICA,BOLSA
SMIN39,BRSMINBDR002,50095,SMIN,MSCI INDIASC,BOLSA
BTHD39,BRBTHDBDR006,50096,BTHD,MSCITHAILAND,BOLSA
TURK39,BRTURKBDR000,50097,TURK,MSCI TURKEY,BOLSA
BUAE39,BRBUAEBDR007,50098,BUAE,BKR MSCI UAE,BOLSA
USIG39,BRUSIGBDR009,50099,USIG,BROAD US INV,BOLSA
BASK39,BRBASKBDR008,50101,BASK,21SH BASKET,BOLSA
AETH39,BRAETHBDR006,50102,AETH,21SH ETHEREU,BOLSA
SOLN39,BRSOLNBDR002,50103,SOLN,21SH SOLANA,BOLSA
AADA39,BRAADABDR003,50104,AADA,21SH CARDANO,BOLSA
BSIL39,BRBSILBDR009,50106,BSIL,GX SILVER MN,BOLSA
AXRP39,BRAXRPBDR003,50107,AXRP,21SH XRP ETP,BOLSA
CBTC39,BRCBTCBDR009,50110,CBTC,21SH BITCOIN,BOLSA
BFNX39,BRBFNXBDR001,50114,BFNX,GX FINTECH,BOLSA
BCLO39,BRBCLOBDR001,50122,BCLO,GX CLOUD CPT,BOLSA
BOTZ39,BRBOTZBDR005,50131,BOTZ,GX ROBOTC AI,BOLSA
BQYL39,BRBQYLBDR000,50149,BQYL,GX NASDAQ100,BOLSA
BSOC39,BRBSOCBDR006,50157,BSOC,GX SOCIAL MD,BOLSA
BBUG39,BRBBUGBDR000,50165,BBUG,GX CYBERSECT,BOLSA
BURA39,BRBURABDR009,50173,BURA,GX URANIUM,BOLSA
BCHQ39,BRBCHQBDR004,50181,BCHQ,GX MSCICHINA,BOLSA
BDVD39,BRBDVDBDR001,50191,BDVD,GX SUPDIV US,BOLSA
BQCL39,BRBQCLBDR006,50203,BQCL,FT NSQ GREEN,BOLSA
BHYG39,BRBHYGBDR009,50211,BHYG,BKR IBOXX HY,BOLSA
BIUS39,BRBIUSBDR000,50221,BIUS,BKR CORE UNV,BOLSA
BLQD39,BRBLQDBDR004,50238,BLQD,BKR IBOX IGC,BOLSA
BSUC39,BRBSUCBDR003,50246,BSUC,BKR ESG AWCP,BOLSA
BFLO39,BRBFLOBDR004,50254,BFLO,BKR FLOAT RT,BOLSA
BGOV39,BRBGOVBDR001,50262,BGOV,BKR US TREAS,BOLSA
BIYT39,BRBIYTBDR000,50271,BIYT,BKR 7 10 YRT,BOLSA
BIEI39,BRBIEIBDR005,50289,BIEI,BKR 3 7 YRTR,BOLSA
BSHV39,BRBSHVBDR000,50297,BSHV,BKR 0 1 SHV,BOLSA
BSHY39,BRBSHYBDR004,50301,BSHY,BKR 1 3 YRTR,BOLSA
BTLT39,BRBTLTBDR004,50319,BTLT,BKR 20YR TRS,BOLSA
SIVR39,BRSIVRBDR004,50327,SIVR,ABDEN SILV,BOLSA
ABGD39,BRABGDBDR008,50335,ABGD,ABDEN GOLD,BOLSA
BSTP39,BRBSTPBDR007,50343,BSTP,PMCO 1T5 YRT,BOLSA
BIPZ39,BRBIPZBDR005,50344,BIPZ,PMCO BROAD,BOLSA
BLTP39,BRBLTPBDR002,50345,BLTP,PMCO 15 YRTP,BOLSA
BCRP39,BRBCRPBDR005,50346,BCRP,PMCO IGR CPI,BOLSA
BHYS39,BRBHYSBDR004,50347,BHYS,PCOM 0T5 HY,BOLSA
BZRO39,BRBZROBDR009,50348,BZRO,PCOM 25 YRZC,BOLSA
BHDV39,BRBHDVBDR002,50408,BHDV,BKR CORE HDV,BOLSA
BKXI39,BRBKXIBDR001,50416,BKXI,BKR GB STAMP,BOLSA
BCNY39,BRBCNYBDR006,50424,BCNY,BKR CHINA A,BOLSA
BKSA39,BRBKSABDR008,50432,BKSA,BKR SAUDARAB,BOLSA
BIJS39,BRBIJSBDR003,50441,BIJS,BKR SPSM600V,BOLSA
BIYC39,BRBIYCBDR006,50459,BIYC,BKR CODISCRT,BOLSA
BIHA39,BRBIHABDR005,50467,BIHA,BKR CYBTECH,BOLSA
BMRE39,BRBMREBDR008,50475,BMRE,BKR MORTGAGE,BOLSA
BEUF39,BRBEUFBDR006,50483,BEUF,BKR EURP FNC,BOLSA
BREZ39,BRBREZBDR000,50491,BREZ,BKR RESMULTS,BOLSA
BIDR39,BRBIDRBDR008,50505,BIDR,BKR SELFDRIV,BOLSA
BIYK39,BRBIYKBDR009,50513,BIYK,BKR COSTAPLE,BOLSA
BIDN39,BRBIDNBDR007,50521,BIDN,BKR GENO IMM,BOLSA
BCRB39,BRBCRBBDR005,50531,BCRB,BKR LOWCARBO,BOLSA
BPIC39,BRBPICBDR004,50548,BPIC,BKR GBMM PRD,BOLSA
BARY39,BRBARYBDR001,50556,BARY,BKR FUT AIT,BOLSA
BSDG39,BRBSDGBDR000,50564,BSDG,BKR GB SDVGO,BOLSA
BIFR39,BRBIFRBDR003,50572,BIFR,BKR US INFRA,BOLSA
BUTL39,BRBUTLBDR002,50581,BUTL,BKR US UTILT,BOLSA
BSRE39,BRBSREBDR005,50611,BSRE,GX SUDIVREIT,BOLSA
BBCN39,BRBBCNBDR004,50696,BBCN,JP BTB CANAD,BOLSA
BBMR39,BRBBMRBDR004,50701,BBMR,JP BTB REIT,BOLSA
BJPI39,BRBJPIBDR009,50718,BJPI,JP RETU INTL,BOLSA
BMCE39,BRBMCEBDR000,50726,BMCE,JP BTB RETUR,BOLSA
BBUS39,BRBBUSBDR005,50734,BBUS,JP BTB USEQ,BOLSA
BJQU39,BRBJQUBDR002,50742,BJQU,JP QLT FACT,BOLSA
BPUS39,BRBPUSBDR005,50751,BPUS,JP DIVRET US,BOLSA
BPEM39,BRBPEMBDR002,50769,BPEM,JP DV US EME,BOLSA
BVLF39,BRBVLFBDR009,50777,BVLF,JP US VL FAC,BOLSA
BPME39,BRBPMEBDR002,50785,BPME,JP DV USMID,BOLSA
BMOM39,BRBMOMBDR008,50793,BMOM,JP US MO FAC,BOLSA
BDRE39,BRBDREBDR007,50807,BDRE,JP DV US SM,BOLSA
BKCH39,BRBKCHBDR007,50808,BKCH,GX BLOCKCHAI,BOLSA
BCTE39,BRBCTEBDR005,50809,BCTE,GX CLEANCH,BOLSA
BMFE39,BRBMFEBDR003,50810,BMFE,PIMCO MF EME,BOLSA
BWCL39,BRBWCLBDR004,50811,BWCL,WT CLOU COMP,BOLSA
HYEM39,BRHYEMBDR001,50812,HYEM,VANECK EMERG,BOLSA
ANGV39,BRANGVBDR005,50813,ANGV,VANECK ANGL,BOLSA
PFXF39,BRPFXFBDR007,50815,PFXF,VANECK PREF,BOLSA
BPFR39,BRBPFRBDR008,50816,BPFR,GX USPREFERR,BOLSA
BPFV39,BRBPFVBDR000,50817,BPFV,GX VAR RTPRF,BOLSA
BCAT39,BRBCATBDR003,50818,BCAT,GX CATHOLVAL,BOLSA
BIGS39,BRBIGSBDR009,50820,BIGS,BKR 1 5YGRCO,BOLSA
DOLL39,BRDOLLBDR008,50821,DOLL,BKR DOLL ETF,BOLSA
BIGE39,BRBIGEBDR009,50823,BIGE,BKR NAM NATU,BOLSA
BIET39,BRBIETBDR002,50825,BIET,BKR TECHSOFT,BOLSA
BHYC39,BRBHYCBDR008,50826,BHYC,BKR 0 5 YRHY,BOLSA
BIXC39,BRBIXCBDR008,50827,BIXC,BKR GLB ENER,BOLSA
BITB39,BRBITBBDR008,50828,BITB,BKR HM CNSTR,BOLSA
BIPC39,BRBIPCBDR004,50829,BIPC,BKR CORPACIF,BOLSA
BIYJ39,BRBIYJBDR001,50831,BIYJ,BKR US INDLS,BOLSA
BIHE39,BRBIHEBDR007,50832,BIHE,BKR PHARMACL,BOLSA
BIYM39,BRBIYMBDR005,50833,BIYM,BKR BASICMAT,BOLSA
BIHF39,BRBIHFBDR004,50834,BIHF,BKR HEALTHPR,BOLSA
BVEG39,BRBVEGBDR002,50835,BVEG,BKR GBL AGRO,BOLSA
BIEO39,BRBIEOBDR003,50836,BIEO,BKR OIL GAS,BOLSA
BEPP39,BRBEPPBDR005,50837,BEPP,BKR MSCI JPN,BOLSA
BHEZ39,BRBHEZBDR001,50838,BHEZ,BKR CH EUROZ,BOLSA
BHEW39,BRBHEWBDR008,50839,BHEW,BKR CH JAPAN,BOLSA
BIYP39,BRBIYPBDR008,50840,BIYP,BKR TRANSPTN,BOLSA
BCHA39,BRBCHABDR008,50843,BCHA,XTRACKERCHIN,BOLSA
BEME39,BRBEMEBDR006,50844,BEME,XTRACKEREMM,BOLSA
BEUR39,BRBEURBDR001,50845,BEUR,XTRACKEREUR,BOLSA
BJAP39,BRBJAPBDR006,50846,BJAP,XTRACKERJAP,BOLSA
BEUA39,BRBEUABDR007,50847,BEUA,XTRACKERUSA,BOLSA
BLUZ39,BRBLUZBDR009,50848,BLUZ,XTRACKERENGY,BOLSA
BWOR39,BRBWORBDR006,50850,BWOR,XTRACKERWRLD,BOLSA
BUFF39,BRBUFFBDR003,50851,BUFF,XTRACKERWRVL,BOLSA
BEQW39,BRBEQWBDR009,50852,BEQW,XTRACKERWEIG,BOLSA
BTWO39,BRBTWOBDR002,50854,BTWO,XTRACKER2000,BOLSA
DOHL3,BRDOHLACNOR2,5207,DOHL,DOHLER,BOLSA
DOHL4,BRDOHLACNPR9,5207,DOHL,DOHLER,BOLSA
RADL3,BRRADLACNOR0,5258,RADL,RAIADROGASIL,NOVO MERCADO
MNDL3,BRMNDLACNOR4,5312,MNDL,MUNDIAL,BOLSA
DTCR39,BRDTCRBDR003,53732,DTCR,GX DATAINFRA,BOLSA
EALT3,BREALTACNOR4,5380,EALT,ACO ALTONA,BOLSA
EALT4,BREALTACNPR1,5380,EALT,ACO ALTONA,BOLSA
WEGE3,BRWEGEACNOR0,5410,WEGE,WEG,NOVO MERCADO
ARGT39,BRARGTBDR000,56197,ARGT,GX ARGENTINA,BOLSA
RSSL39,BRRSSLBDR004,56200,RSSL,GX RUSSL2000,BOLSA
ETER3,BRETERACNOR3,5762,ETER,ETERNIT,NOVO MERCADO
EUCA3,BREUCAACNOR1,5770,EUCA,EUCATEX,BOVESPA NIVEL 1
EUCA4,BREUCAACNPR8,5770,EUCA,EUCATEX,BOVESPA NIVEL 1
XPBR31,BRXPBRBDR001,57746,XPBR,XP INC,BDR / CDA
EFXB31,BREFXBBDR000,59390,EFXB,EQUIFAXBRL,BDR / CDA
EVTC31,BREVTCBDR003,59391,EVTC,EVERTEC INC,BDR / CDA
EXPB31,BREXPBBDR009,59420,EXPB,EXPERIAN PLC,BDR / CDA
EVEB31,BREVEBBDR007,59422,EVEB,EVE BRASIL,BDR / CDA
GROP31,BRGROPBDR009,59434,GROP,POTASSIO BR,BDR / CDA
DEFT31,BRDEFTBDR004,59436,DEFT,DEFI TECH,BDR / CDA
PRXB31,BRPRXBBDR001,59441,PRXB,PROSUS N.V.,BDR / CDA
FIGE3,BRFIGEACNOR6,6041,FIGE,INVEST BEMGE,BOLSA
FIGE4,BRFIGEACNPR3,6041,FIGE,INVEST BEMGE,BOLSA
TASA3,BRTASAACNOR7,6173,TASA,TAURUS ARMAS,BOVESPA NIVEL 2
TASA4,BRTASAACNPR4,6173,TASA,TAURUS ARMAS,BOVESPA NIVEL 2
FRAS3,BRFRASACNOR0,6211,FRAS,FRAS-LE,BOVESPA NIVEL 1
TUPY3,BRTUPYACNOR1,6343,TUPY,TUPY,NOVO MERCADO
BHIA3,BRBHIAACNOR1,6505,BHIA,CASAS BAHIA,NOVO MERCADO
HETA3,BRHETAACNOR2,6629,HETA,HERCULES,BOLSA
HETA4,BRHETAACNPR9,6629,HETA,HERCULES,BOLSA
HOOT3,BRHOOTACNOR2,6700,HOOT,HOTEIS OTHON,BOLSA
HOOT4,BRHOOTACNPR9,6700,HOOT,HOTEIS OTHON,BOLSA
BIED3,BRBIEDACNOR2,701,BIED,BIOMA EDUC,MAIS
ROMI3,BRROMIACNOR8,7510,ROMI,ROMI,NOVO MERCADO
TXRX3,BRTXRXACNOR3,7544,TXRX,TEX RENAUX,BOLSA
TXRX4,BRTXRXACNPR0,7544,TXRX,TEX RENAUX,BOLSA
INEP3,BRINEPACNOR1,7595,INEP,INEPAR,BOLSA
INEP4,BRINEPACNPR8,7595,INEP,INEPAR,BOLSA
INEP-DCA61,BRINEPDBO036,7595,INEP,INEPAR,BOLSA
ITSA3,BRITSAACNOR0,7617,ITSA,ITAUSA,BOVESPA NIVEL 1
ITSA4,BRITSAACNPR7,7617,ITSA,ITAUSA,BOVESPA NIVEL 1
JFEN3,BRJFENACNOR0,7811,JFEN,JOAO FORTES,BOLSA
KEPL3,BRKEPLACNOR1,7870,KEPL,KEPLER WEBER,NOVO MERCADO
BIAU39,BRBIAUBDR008,79006,BIAU,GOLD TRUST,BOLSA
BEFA39,BRBEFABDR008,79014,BEFA,MSCI EAFE,BOLSA
BEEM39,BRBEEMBDR006,79022,BEEM,MSCI EMGMARK,BOLSA
BAAX39,BRBAAXBDR009,79030,BAAX,MSCI ASIA JP,BOLSA
BDVY39,BRBDVYBDR007,79049,BDVY,SELECT DIVID,BOLSA
BSLV39,BRBSLVBDR002,79057,BSLV,SILVER TRUST,BOLSA
BIWM39,BRBIWMBDR009,79065,BIWM,RUSSELL 2000,BOLSA
BITO39,BRBITOBDR001,79073,BITO,CORE SP TOTA,BOLSA
BUSM39,BRBUSMBDR002,79081,BUSM,MSCI US MVOL,BOLSA
BEWU39,BRBEWUBDR001,79090,BEWU,MSCI UK,BOLSA
BEWG39,BRBEWGBDR000,79103,BEWG,MSCI GERMANY,BOLSA
BEWW39,BRBEWWBDR007,79111,BEWW,MSCI MEXICO,BOLSA
BEWP39,BRBEWPBDR001,79120,BEWP,MSCI SPAIN,BOLSA
BAER39,BRBAERBDR003,79138,BAER,US AEROSPACE,BOLSA
BILF39,BRBILFBDR006,79146,BILF,LATIN AMER40,BOLSA
BIVB39,BRBIVBBDR004,79154,BIVB,CORE SP 500,BOLSA
BACW39,BRBACWBDR007,79162,BACW,MSCI ACWI,BOLSA
BIEF39,BRBIEFBDR001,79170,BIEF,COREMSCIEAFE,BOLSA
BIEM39,BRBIEMBDR007,79189,BIEM,COREMSCI EMK,BOLSA
BIYW39,BRBIYWBDR004,79197,BIYW,US TECHNOLOG,BOLSA
BEWJ39,BRBEWJBDR004,79200,BEWJ,MSCI JAPAN,BOLSA
BIYF39,BRBIYFBDR009,79219,BIYF,US FINANCIAL,BOLSA
BCHI39,BRBCHIBDR001,79227,BCHI,MSCI CHINA,BOLSA
BIGF39,BRBIGFBDR006,79235,BIGF,GLOBAL INFRA,BOLSA
BXTC39,BRBXTCBDR005,79243,BXTC,EXPON TECHNL,BOLSA
BEGU39,BRBEGUBDR004,79251,BEGU,TRUSTMSCI US,BOLSA
BEGD39,BRBEGDBDR000,79260,BEGD,TRTMSCI EAFE,BOLSA
BEGE39,BRBEGEBDR008,79278,BEGE,INC ESG AWAR,BOLSA
BIBB39,BRBIBBBDR006,79286,BIBB,ICE BIOTECH,BOLSA
BIJH39,BRBIJHBDR006,79294,BIJH,CORE MIDCAP,BOLSA
BIJR39,BRBIJRBDR005,79308,BIJR,CORESMALLCAP,BOLSA
BIXJ39,BRBIXJBDR003,79324,BIXJ,GLOBALHEALTH,BOLSA
BIXN39,BRBIXNBDR005,79332,BIXN,GLOBAL TECH,BOLSA
BEWY39,BRBEWYBDR003,79340,BEWY,MSCISOUTHKOR,BOLSA
BEWH39,BRBEWHBDR008,79359,BEWH,MSCIHONGKONG,BOLSA
BEWT39,BRBEWTBDR003,79367,BEWT,MSCI TAIWAN,BOLSA
BNDA39,BRBNDABDR004,79375,BNDA,MSCI INDIA,BOLSA
BEWZ39,BRBEWZBDR000,79383,BEWZ,MSCI BRAZIL,BOLSA
BEZU39,BRBEZUBDR004,79391,BEZU,MSCIEUROZONE,BOLSA
BIEU39,BRBIEUBDR000,79405,BIEU,COREMSCI EUR,BOLSA
BIEV39,BRBIEVBDR008,79430,BIEV,EUROPE ETF,BOLSA
BIVE39,BRBIVEBDR008,79448,BIVE,SP500 VALUE,BOLSA
BIVW39,BRBIVWBDR000,79456,BIVW,SP500GROWTH,BOLSA
BFAV39,BRBFAVBDR002,79464,BFAV,MSCIMINVOL F,BOLSA
BHEF39,BRBHEFBDR003,79472,BHEF,CURHEDGEMSCI,BOLSA
BMTU39,BRBMTUBDR000,79480,BMTU,MSCIUSAMOM F,BOLSA
BEMV39,BRBEMVBDR000,79499,BEMV,MSCIEMMRKMI,BOLSA
BQUA39,BRBQUABDR001,79502,BQUA,MSCIUSQUAL F,BOLSA
BSIZ39,BRBSIZBDR009,79510,BSIZ,MSCIUSASIZF,BOLSA
BIHI39,BRBIHIBDR008,79529,BIHI,USMEDICDEVIC,BOLSA
BEFG39,BRBEFGBDR005,79537,BEFG,MSCIEAFEGROW,BOLSA
BVLU39,BRBVLUBDR008,79545,BVLU,MSCIUSVALUEF,BOLSA
BIYG39,BRBIYGBDR007,79553,BIYG,USFINANCSERV,BOLSA
BEFV39,BRBEFVBDR004,79561,BEFV,MSCIEAFEVALU,BOLSA
BIWF39,BRBIWFBDR003,79570,BIWF,RUSSEL1000GR,BOLSA
BGWH39,BRBGWHBDR003,79588,BGWH,COREDIVGROWT,BOLSA
BCWV39,BRBCWVBDR003,79596,BCWV,MSCIGLMIVOLF,BOLSA
BFXI39,BRBFXIBDR001,79600,BFXI,CHINALARGECA,BOLSA
BEWC39,BRBEWCBDR009,79618,BEWC,MSCI CANADA,BOLSA
BEWA39,BRBEWABDR003,79626,BEWA,MSCIAUSTRALI,BOLSA
BEWL39,BRBEWLBDR000,79634,BEWL,MSCI SWITZER,BOLSA
BEWQ39,BRBEWQBDR009,79642,BEWQ,MSCI FRANCE,BOLSA
BUSR39,BRBUSRBDR001,79650,BUSR,CORE US REIT,BOLSA
BGRT39,BRBGRTBDR008,79669,BGRT,GLOBAL REIT,BOLSA
BSUS39,BRBSUSBDR009,79677,BSUS,ESGMSCIUSA L,BOLSA
BFPX39,BRBFPXBDR006,79685,BFPX,FT EQ OPPORT,BOLSA
BFPI39,BRBFPIBDR007,79693,BFPI,FT INTL EQOP,BOLSA
BFDL39,BRBFDLBDR007,79707,BFDL,FTMOR DV LEA,BOLSA
BCIR39,BRBCIRBDR000,79715,BCIR,FT NASDCYBER,BOLSA
BFCG39,BRBFCGBDR009,79723,BFCG,FT NAT GAS,BOLSA
BFTC39,BRBFTCBDR002,79731,BFTC,FT LCAPGROW,BOLSA
BFTS39,BRBFTSBDR008,79740,BFTS,FT CAPSTRENG,BOLSA
BQQW39,BRBQQWBDR003,79758,BQQW,FT NASD100EQ,BOLSA
BQTC39,BRBQTCBDR009,79766,BQTC,FT NASD100TC,BOLSA
BFDA39,BRBFDABDR000,79774,BFDA,FT RISIDIVID,BOLSA
BKYY39,BRBKYYBDR006,79782,BKYY,FT CLOUD CPT,BOLSA
BFBI39,BRBFBIBDR007,79790,BFBI,FT NYSE BIOT,BOLSA
BFDN39,BRBFDNBDR003,79804,BFDN,FT DJ INTERN,BOLSA
BBER39,BRBBERBDR001,79805,BBER,JP BTB EUROP,BOLSA
BBJP39,BRBBJPBDR004,79806,BBJP,JP BTB JAPAO,BOLSA
BBIL39,BRBBILBDR005,79807,BBIL,JP BTB INTL,BOLSA
BBAJ39,BRBBAJBDR006,79808,BBAJ,JP BTB ASIA,BOLSA
BSNS39,BRBSNSBDR004,79809,BSNS,GX INTERTHGS,BOLSA
BGNO39,BRBGNOBDR008,79810,BGNO,GX GENOMBIOT,BOLSA
BMIL39,BRBMILBDR002,79811,BMIL,GX MILLECONM,BOLSA
BFVD39,BRBFVDBDR006,79812,BFVD,FT VLINE DIV,BOLSA
BFXH39,BRBFXHBDR003,79820,BFXH,FT HCAREALPH,BOLSA
BFTA39,BRBFTABDR006,79839,BFTA,FT TECH ALPH,BOLSA
BOEF39,BRBOEFBDR009,79847,BOEF,BKR SP100,BOLSA
BIXG39,BRBIXGBDR009,79855,BIXG,BKR GL FIN,BOLSA
BIYE39,BRBIYEBDR002,79863,BIYE,BKR US ENER,BOLSA
BERU39,BRBERUBDR001,79871,BERU,BKR MS RUSS,BOLSA
BSCZ39,BRBSCZBDR002,79880,BSCZ,BKR MS EAFE,BOLSA
BSOX39,BRBSOXBDR002,79898,BSOX,BKR SEMICOND,BOLSA
BICL39,BRBICLBDR003,79901,BICL,BKR GL CLEAN,BOLSA
BURT39,BRBURTBDR009,79910,BURT,BKR MS WLD,BOLSA
BUSA39,BRBUSABDR007,79928,BUSA,BKR OPT USA,BOLSA
SLXB39,BRSLXBBDR008,79944,SLXB,VE STEEL ETF,BOLSA
BUZZ39,BRBUZZBDR009,79979,BUZZ,VE BUZZ ETF,BOLSA
MOTB39,BRMOTBBDR003,79987,MOTB,VE MOAT ETF,BOLSA
GDXB39,BRGDXBBDR000,79995,GDXB,VE GOLD ETF,BOLSA
PPLA11,BRPPLAUNT007,80152,PPLA,PPLA,BDR / CDA
AURA33,BRAURABDR001,80187,AURA,AURA 360,BDR / CDA
G2DI33,BRG2DIBDR002,80195,G2DI,G2D INVEST,BDR / CDA
INBR32,BRINBRBDR007,80217,INBR,INTER CO,BDR / CDA
JBSS32,BRJBSSBDR002,80233,JBSS,JBS N.V.,BDR / CDA
LIGH-DEBE1,BRLIGHDBS009,8036,LIGH,LIGHT,BOLSA
LREN3,BRLRENACNOR1,8133,LREN,LOJAS RENNER,NOVO MERCADO
LUXM3,BRLUXMACNOR7,8192,LUXM,TREVISA,BOLSA
LUXM4,BRLUXMACNPR4,8192,LUXM,TREVISA,BOLSA
MGEL3,BRMGELACNOR6,8397,MGEL,MANGELS INDL,BOLSA
MGEL4,BRMGELACNPR3,8397,MGEL,MANGELS INDL,BOLSA
ESTR3,BRESTRACNOR3,8427,ESTR,ESTRELA,BOLSA
ESTR4,BRESTRACNPR0,8427,ESTR,ESTRELA,BOLSA
POMO3,BRPOMOACNOR0,8451,POMO,MARCOPOLO,BOVESPA NIVEL 2
POMO4,BRPOMOACNPR7,8451,POMO,MARCOPOLO,BOVESPA NIVEL 2
MERC3,BRMERCACNOR2,8540,MERC,MERC FINANC,BOLSA
MERC4,BRMERCACNPR9,8540,MERC,MERC FINANC,BOLSA
LEVE3,BRLEVEACNOR2,8575,LEVE,METAL LEVE,NOVO MERCADO
GOAU3,BRGOAUACNOR1,8656,GOAU,GERDAU MET,BOVESPA NIVEL 1
GOAU4,BRGOAUACNPR8,8656,GOAU,GERDAU MET,BOVESPA NIVEL 1
IGTI3,BRIGTIACNOR8,8672,IGTI,IGUATEMI S.A,BOVESPA NIVEL 1
IGTI4,BRIGTIACNPR5,8672,IGTI,IGUATEMI S.A,BOVESPA NIVEL 1
IGTI11,BRIGTICDAM16,8672,IGTI,IGUATEMI S.A,BOVESPA NIVEL 1
MTSA3,BRMTSAACNOR2,8753,MTSA,METISA,BOLSA
MTSA4,BRMTSAACNPR9,8753,MTSA,METISA,BOLSA
MMAQ3,BRMMAQACNOR1,8818,MMAQ,MINASMAQUINA,BOLSA
MMAQ4,BRMMAQACNPR8,8818,MMAQ,MINASMAQUINA,BOLSA
MOAR3,BRMOARACNOR5,8893,MOAR,MONT ARANHA,BOLSA
BBDC3,BRBBDCACNOR1,906,BBDC,BRADESCO,BOVESPA NIVEL 1
BBDC4,BRBBDCACNPR8,906,BBDC,BRADESCO,BOVESPA NIVEL 1
NEMO3,BRNEMOACNOR6,9067,NEMO,SUZANO HOLD,BOLSA
NEMO5,BRNEMOACNPA9,9067,NEMO,SUZANO HOLD,BOLSA
NEMO6,BRNEMOACNPB7,9067,NEMO,SUZANO HOLD,BOLSA
NORD3,BRNORDACNOR7,9083,NORD,NORDON MET,BOLSA
BAZA3,BRBAZAACNOR0,922,BAZA,AMAZONIA,BOLSA
PNVL3,BRPNVLACNOR9,9342,PNVL,DIMED,NOVO MERCADO
PMAM3,BRPMAMACNOR3,9393,PMAM,PARANAPANEMA,NOVO MERCADO
PATI3,BRPATIACNOR6,94,PATI,PANATLANTICA,BOLSA
PATI4,BRPATIACNPR3,94,PATI,PANATLANTICA,BOLSA
AHEB3,BRAHEBACNOR0,9415,AHEB,SPTURIS,BOLSA
AHEB5,BRAHEBACNPA3,9415,AHEB,SPTURIS,BOLSA
AHEB6,BRAHEBACNPB1,9415,AHEB,SPTURIS,BOLSA
PETR3,BRPETRACNOR9,9512,PETR,PETROBRAS,BOVESPA NIVEL 2
PETR4,BRPETRACNPR6,9512,PETR,PETROBRAS,BOVESPA NIVEL 2
PETR-DEB62,BRPETRDBS092,9512,PETR,PETROBRAS,BOVESPA NIVEL 2
PTNT3,BRPTNTACNOR6,9539,PTNT,PETTENATI,BOLSA
PTNT4,BRPTNTACNPR3,9539,PTNT,PETTENATI,BOLSA
RPAD3,BRRPADACNOR1,9954,RPAD,ALFA HOLDING,BOLSA
RPAD5,BRRPADACNPA4,9954,RPAD,ALFA HOLDING,BOLSA
RPAD6,BRRPADACNPB2,9954,RPAD,ALFA HOLDING,BOLSA
RPMG3,BRRPMGACNOR9,9989,RPMG,PET MANGUINH,BOLSA
