ticker,source
-,bdrs
A,bdrs
AADA39,acoes
AAL,bdrs
AALR1,acoes
AALR3,acoes
AAP,bdrs
AAPL,bdrs
ABB,bdrs
ABBV,bdrs
ABC,bdrs
ABCB4,acoes
ABEV3,acoes
ABGD39,acoes
ABN,bdrs
ABNB,bdrs
ABT,bdrs
ABX,bdrs
ACN,bdrs
ACWX39,acoes
ADBE,bdrs
ADI,bdrs
ADM,bdrs
ADMF3,acoes
ADP,bdrs
ADSK,bdrs
AEE,bdrs
AEG,bdrs
AEP,bdrs
AERI3,acoes
AES,bdrs
AESO3,acoes
AETH39,acoes
AFL,bdrs
AFLT3,acoes
AGRO3,acoes
AGRU-DEB21,acoes
AGXY3,acoes
AHCO,bdrs
AHEB3,acoes
AHEB5,acoes
AHEB6,acoes
AIG,bdrs
AIV,bdrs
AIZ,bdrs
AJG,bdrs
AKAM,bdrs
AKZA,bdrs
ALB,bdrs
ALC,bdrs
ALGN,bdrs
ALK,bdrs
ALL,bdrs
ALLD3,acoes
ALLE,bdrs
ALLFG,bdrs
ALNY,bdrs
ALOS3,acoes
ALPA3,acoes
ALPA4,acoes
ALPK3,acoes
ALUP11,acoes
ALUP3,acoes
ALUP4,acoes
AMAR3,acoes
AMAT,bdrs
AMBA,bdrs
AMBP3,acoes
AMC,bdrs
AMCR,bdrs
AMD,bdrs
AME,bdrs
AMED,bdrs
AMER11,acoes
AMER3,acoes
AMGN,bdrs
AMOB3,acoes
AMP,bdrs
AMRS,bdrs
AMT,bdrs
AMZN,bdrs
ANET,bdrs
ANGV39,acoes
ANIM3,acoes
ANSS,bdrs
AON,bdrs
AOS,bdrs
APA,bdrs
APD,bdrs
APH,bdrs
APTI3,acoes
APTI4,acoes
APTV,bdrs
ARE,bdrs
ARES,bdrs
ARGT39,acoes
ARGX,bdrs
ARML3,acoes
ARND3,acoes
ARW,bdrs
ARWR,bdrs
ASAI3,acoes
ASML,bdrs
ASND,bdrs
ASO,bdrs
ASR,bdrs
ATED3,acoes
ATHM,bdrs
ATO,bdrs
ATR,bdrs
ATVI,bdrs
AU,bdrs
AUAU3,acoes
AUAU99,acoes
AURA33,acoes
AURE3,acoes
AURE99,acoes
AVB,bdrs
AVGO,bdrs
AVLL11,acoes
AVLL12,acoes
AVLL3,acoes
AVY,bdrs
AWI,bdrs
AWK,bdrs
AXIA3,acoes
AXIA5,acoes
AXIA6,acoes
AXIA7,acoes
AXIA98,acoes
AXIA99,acoes
AXON,bdrs
AXP,bdrs
AXRP39,acoes
AYX,bdrs
AZEV11,acoes
AZEV12,acoes
AZEV3,acoes
AZEV4,acoes
AZN,bdrs
AZO,bdrs
AZTA,bdrs
AZTE11,acoes
AZTE3,acoes
AZUL53,acoes
AZUL80,acoes
AZZA3,acoes
B3SA3,acoes
BA,bdrs
BAAX39,acoes
BABA,bdrs
BAC,bdrs
BACW39,acoes
BAER39,acoes
BAGG39,acoes
BAGY39,acoes
BAH,bdrs
BAIQ39,acoes
BAIR39,acoes
BALL,bdrs
BALM3,acoes
BALM4,acoes
BAOA39,acoes
BAOK39,acoes
BAOM39,acoes
BAOR39,acoes
BAP,bdrs
BARY39,acoes
BASK39,acoes
BAUH3,acoes
BAUH4,acoes
BAX,bdrs
BAZA3,acoes
BBAJ39,acoes
BBAS11,acoes
BBAS12,acoes
BBAS3,acoes
BBCN39,acoes
BBDC3,acoes
BBDC4,acoes
BBER39,acoes
BBGR39,acoes
BBIL39,acoes
BBJP39,acoes
BBML3,acoes
BBMR39,acoes
BBSE3,acoes
BBUG39,acoes
BBUS39,acoes
BBVA,bdrs
BBWI,bdrs
BBY,bdrs
BCAT39,acoes
BCHA39,acoes
BCHI39,acoes
BCHQ39,acoes
BCIR39,acoes
BCLO39,acoes
BCNY39,acoes
BCOM39,acoes
BCPC,bdrs
BCPX39,acoes
BCRB39,acoes
BCRP39,acoes
BCS,bdrs
BCTE39,acoes
BCWV39,acoes
BDLL3,acoes
BDLL4,acoes
BDRE39,acoes
BDRI39,acoes
BDVD39,acoes
BDVE39,acoes
BDVY39,acoes
BDX,bdrs
BEAG39,acoes
BECH39,acoes
BEEF11,acoes
BEEF3,acoes
BEEM39,acoes
BEES3,acoes
BEES4,acoes
BEFA39,acoes
BEFG39,acoes
BEFV39,acoes
BEGD39,acoes
BEGE39,acoes
BEGU39,acoes
BEIS39,acoes
BEMC39,acoes
BEME39,acoes
BEMV39,acoes
BEN,bdrs
BEPP39,acoes
BEPU39,acoes
BEQW39,acoes
BERU39,acoes
BETP3,acoes
BEUA39,acoes
BEUF39,acoes
BEUR39,acoes
BEUW39,acoes
BEWA39,acoes
BEWC39,acoes
BEWD39,acoes
BEWG39,acoes
BEWH39,acoes
BEWI39,acoes
BEWJ39,acoes
BEWL39,acoes
BEWM39,acoes
BEWN39,acoes
BEWO39,acoes
BEWP39,acoes
BEWQ39,acoes
BEWS39,acoes
BEWT39,acoes
BEWU39,acoes
BEWW39,acoes
BEWY39,acoes
BEWZ39,acoes
BEZA39,acoes
BEZU39,acoes
BF/B,bdrs
BFAL39,acoes
BFAV39,acoes
BFBI39,acoes
BFCG39,acoes
BFDA39,acoes
BFDL39,acoes
BFDN39,acoes
BFEM39,acoes
BFH,bdrs
BFIW39,acoes
BFLO39,acoes
BFNX39,acoes
BFPI39,acoes
BFPX39,acoes
BFTA39,acoes
BFTC39,acoes
BFTG39,acoes
BFTS39,acoes
BFVD39,acoes
BFXH39,acoes
BFXI39,acoes
BGAR39,acoes
BGIP1,acoes
BGIP2,acoes
BGIP3,acoes
BGIP4,acoes
BGLC39,acoes
BGNE,bdrs
BGNO39,acoes
BGOV39,acoes
BGOZ39,acoes
BGRI39,acoes
BGRT39,acoes
BGWH39,acoes
BHDV39,acoes
BHEF39,acoes
BHER39,acoes
BHEW39,acoes
BHEZ39,acoes
BHIA3,acoes
BHYC39,acoes
BHYG39,acoes
BHYS39,acoes
BIAG39,acoes
BIAI39,acoes
BIAK39,acoes
BIAT39,acoes
BIAU39,acoes
BIBB39,acoes
BICL39,acoes
BICV39,acoes
BIDN39,acoes
BIDR39,acoes
BIDU,bdrs
BIDV39,acoes
BIED3,acoes
BIEF39,acoes
BIEI39,acoes
BIEM39,acoes
BIEO39,acoes
BIET39,acoes
BIEU39,acoes
BIEV39,acoes
BIEZ39,acoes
BIFR39,acoes
BIGE39,acoes
BIGF39,acoes
BIGL39,acoes
BIGO39,acoes
BIGS39,acoes
BIHA39,acoes
BIHE39,acoes
BIHF39,acoes
BIHI39,acoes
BIIB,bdrs
BIJH39,acoes
BIJR39,acoes
BIJS39,acoes
BIJT39,acoes
BILF39,acoes
BILI,bdrs
BILL,bdrs
BIOM11,acoes
BIOM12,acoes
BIOM13,acoes
BIOM14,acoes
BIOM3,acoes
BIPC39,acoes
BIPZ39,acoes
BITB39,acoes
BITO39,acoes
BIUS39,acoes
BIVB39,acoes
BIVE39,acoes
BIVW39,acoes
BIWD39,acoes
BIWF39,acoes
BIWM39,acoes
BIXC39,acoes
BIXG39,acoes
BIXJ39,acoes
BIXN39,acoes
BIXU39,acoes
BIYC39,acoes
BIYE39,acoes
BIYF39,acoes
BIYG39,acoes
BIYJ39,acoes
BIYK39,acoes
BIYM39,acoes
BIYP39,acoes
BIYT39,acoes
BIYW39,acoes
BIYZ39,acoes
BJAP39,acoes
BJPI39,acoes
BJQU39,acoes
BK,bdrs
BKBA39,acoes
BKCH39,acoes
BKNG,bdrs
BKR,bdrs
BKSA39,acoes
BKWB39,acoes
BKXI39,acoes
BKYY39,acoes
BL,bdrs
BLAU3,acoes
BLBT39,acoes
BLK,bdrs
BLPA39,acoes
BLPX39,acoes
BLQD39,acoes
BLTP39,acoes
BLUZ39,acoes
BMBB39,acoes
BMBL,bdrs
BMCE39,acoes
BMEB3,acoes
BMEB4,acoes
BMEB9,acoes
BMFE39,acoes
BMGB2,acoes
BMGB4,acoes
BMIL39,acoes
BMIN3,acoes
BMIN4,acoes
BMKS3,acoes
BMOB3,acoes
BMOM39,acoes
BMRE39,acoes
BMRN,bdrs
BMTU39,acoes
BMY,bdrs
BNBR3,acoes
BNDA39,acoes
BNS,bdrs
BNTX,bdrs
BOBR3,acoes
BOBR4,acoes
BOEF39,acoes
BOTZ39,acoes
BP,bdrs
BPAC11,acoes
BPAC3,acoes
BPAC5,acoes
BPAR3,acoes
BPEM39,acoes
BPFR39,acoes
BPFV39,acoes
BPIC39,acoes
BPME39,acoes
BPUS39,acoes
BPVE39,acoes
BQCL39,acoes
BQLT39,acoes
BQQW39,acoes
BQTC39,acoes
BQUA39,acoes
BQYL39,acoes
BR,bdrs
BRAP3,acoes
BRAP4,acoes
BRAV3,acoes
BRBI11,acoes
BREZ39,acoes
BRKB,bdrs
BRKM3,acoes
BRKM5,acoes
BRKM6,acoes
BRKR,bdrs
BROB39,acoes
BRQB3,acoes
BRSR3,acoes
BRSR5,acoes
BRSR6,acoes
BRST3,acoes
BSAC,bdrs
BSCS-CRIT3,acoes
BSCS-CRIT4,acoes
BSCZ39,acoes
BSDG39,acoes
BSDV39,acoes
BSDY39,acoes
BSHV39,acoes
BSHY39,acoes
BSIL39,acoes
BSIZ39,acoes
BSLI3,acoes
BSLI4,acoes
BSLV39,acoes
BSNS39,acoes
BSOC39,acoes
BSOX39,acoes
BSRE39,acoes
BSTI39,acoes
BSTP39,acoes
BSUC39,acoes
BSUS39,acoes
BSX,bdrs
BTFL39,acoes
BTHD39,acoes
BTI,bdrs
BTIP39,acoes
BTLH39,acoes
BTLT39,acoes
BTWO39,acoes
BUAE39,acoes
BUD,bdrs
BUFF39,acoes
BURA39,acoes
BURL,bdrs
BURT39,acoes
BUSA39,acoes
BUSF39,acoes
BUSM39,acoes
BUSR39,acoes
BUTL39,acoes
BUZZ39,acoes
BVEG39,acoes
BVLF39,acoes
BVLU39,acoes
BWA,bdrs
BWCL39,acoes
BWOR39,acoes
BXP,bdrs
BXTC39,acoes
BYND,bdrs
BZRO39,acoes
C,bdrs
CABO,bdrs
CACC,bdrs
CACI,bdrs
CAG,bdrs
CAH,bdrs
CALI11,acoes
CALI3,acoes
CAMB3,acoes
CAML3,acoes
CARR,bdrs
CASH3,acoes
CASN3,acoes
CASN4,acoes
CAT,bdrs
CATA3,acoes
CATA4,acoes
CB,bdrs
CBAV3,acoes
CBEE3,acoes
CBOE,bdrs
CBRE,bdrs
CBTC39,acoes
CCI,bdrs
CCL,bdrs
CCTY3,acoes
CDNS,bdrs
CDW,bdrs
CE,bdrs
CEAB3,acoes
CEBR3,acoes
CEBR5,acoes
CEBR6,acoes
CEDO3,acoes
CEDO4,acoes
CEEB3,acoes
CEEB5,acoes
CEEB6,acoes
CEED3,acoes
CEED4,acoes
CEGR3,acoes
CF,bdrs
CFG,bdrs
CGAS3,acoes
CGAS5,acoes
CGNX,bdrs
CGRA3,acoes
CGRA4,acoes
CHD,bdrs
CHDN,bdrs
CHKP,bdrs
CHPT,bdrs
CHRW,bdrs
CHT,bdrs
CHTR,bdrs
CI,bdrs
CIB,bdrs
CINF,bdrs
CL,bdrs
CLOV,bdrs
CLSC3,acoes
CLSC4,acoes
CLX,bdrs
CMA,bdrs
CMCSA,bdrs
CME,bdrs
CMG,bdrs
CMI,bdrs
CMIG3,acoes
CMIG4,acoes
CMIN3,acoes
CMS,bdrs
CNC,bdrs
CNI,bdrs
CNP,bdrs
COCE3,acoes
COCE5,acoes
COCE6,acoes
COF,bdrs
COGN3,acoes
COIN,bdrs
COLM,bdrs
COMR3,acoes
COO,bdrs
COP,bdrs
COST,bdrs
COTY,bdrs
COUR,bdrs
CP,bdrs
CPB,bdrs
CPFE3,acoes
CPLE3,acoes
CPLE99,acoes
CPRI,bdrs
CPRT,bdrs
CPT,bdrs
CRH,bdrs
CRI,bdrs
CRM,bdrs
CRNC,bdrs
CRPG3,acoes
CRPG5,acoes
CRPG6,acoes
CRSP,bdrs
CRTE3,acoes
CRTE5,acoes
CRWD,bdrs
CS,bdrs
CSAN3,acoes
CSCO,bdrs
CSED3,acoes
CSGP,bdrs
CSMG3,acoes
CSNA3,acoes
CSUD3,acoes
CSX,bdrs
CTAS,bdrs
CTAX3,acoes
CTCA3,acoes
CTKA3,acoes
CTKA4,acoes
CTNM3,acoes
CTNM4,acoes
CTRA,bdrs
CTSA3,acoes
CTSA4,acoes
CTSH,bdrs
CTVA,bdrs
CURY3,acoes
CUZ,bdrs
CVCB3,acoes
CVS,bdrs
CVX,bdrs
CX,bdrs
CXSE3,acoes
CYRE3,acoes
CYRE4,acoes
CYRE99,acoes
CZR,bdrs
D,bdrs
DAL,bdrs
DAR,bdrs
DASA3,acoes
DASH,bdrs
DB,bdrs
DD,bdrs
DDOG,bdrs
DE,bdrs
DEFT31,acoes
DELL,bdrs
DEO,bdrs
DESK3,acoes
DEXP3,acoes
DEXP4,acoes
DFS,bdrs
DG,bdrs
DGX,bdrs
DHI,bdrs
DHR,bdrs
DINO,bdrs
DIRR3,acoes
DIS,bdrs
DISH,bdrs
DKNG,bdrs
DKS,bdrs
DLR,bdrs
DLTR,bdrs
DMVF3,acoes
DNLI,bdrs
DOCS,bdrs
DOCU,bdrs
DOHL3,acoes
DOHL4,acoes
DOLL39,acoes
DOTZ3,acoes
DOV,bdrs
DOW,bdrs
DOX,bdrs
DPZ,bdrs
DRI,bdrs
DT,bdrs
DTCR39,acoes
DTCY3,acoes
DTCY4,acoes
DTE,bdrs
DUK,bdrs
DVA,bdrs
DVN,bdrs
DXC,bdrs
DXCM,bdrs
DXCO3,acoes
EA,bdrs
EALT3,acoes
EALT4,acoes
EBAY,bdrs
EC,bdrs
ECL,bdrs
ECOR3,acoes
ED,bdrs
EDEN39,acoes
EDU,bdrs
EEFT,bdrs
EFXB31,acoes
EGGY3,acoes
EGIE-DEB72,acoes
EGIE3,acoes
EHC,bdrs
EIDO39,acoes
EIX,bdrs
EKTR3,acoes
EKTR4,acoes
EL,bdrs
ELS,bdrs
ELV,bdrs
EMAE3,acoes
EMAE4,acoes
EMBJ3,acoes
EMLC39,acoes
EMN,bdrs
EMR,bdrs
ENEV3,acoes
ENGI11,acoes
ENGI12,acoes
ENGI3,acoes
ENGI4,acoes
ENJU3,acoes
ENMT3,acoes
ENMT4,acoes
ENOV,bdrs
ENPH,bdrs
ENTG,bdrs
EOG,bdrs
EPAM,bdrs
EPAR3,acoes
EPHE39,acoes
EPOL39,acoes
EQIX,bdrs
EQMA3B,acoes
EQMA5B,acoes
EQMA6B,acoes
EQNR,bdrs
EQPA3,acoes
EQPA5,acoes
EQPA6,acoes
EQPA7,acoes
EQR,bdrs
EQTL3,acoes
ERIC,bdrs
ES,bdrs
ESPA3,acoes
ESS,bdrs
ESTC,bdrs
ESTR3,acoes
ESTR4,acoes
ETER3,acoes
ETHA39,acoes
ETN,bdrs
ETR,bdrs
ETSY,bdrs
EUCA3,acoes
EUCA4,acoes
EVEB31,acoes
EVEN3,acoes
EVRG,bdrs
EVTC31,acoes
EW,bdrs
EWJV39,acoes
EXAS,bdrs
EXC,bdrs
EXEL,bdrs
EXPB31,acoes
EXPD,bdrs
EXPE,bdrs
EXPI,bdrs
EXPN,bdrs
EXR,bdrs
EYE,bdrs
EZTC3,acoes
F,bdrs
FANG,bdrs
FAST,bdrs
FBIN,bdrs
FCX,bdrs
FDX,bdrs
FE,bdrs
FESA3,acoes
FESA4,acoes
FFIV,bdrs
FHER3,acoes
FICO,bdrs
FICT3,acoes
FIEI3,acoes
FIGE3,acoes
FIGE4,acoes
FIQE3,acoes
FIS,bdrs
FISV,bdrs
FITB,bdrs
FIVN,bdrs
FLRY3,acoes
FLS,bdrs
FLT,bdrs
FMC,bdrs
FMS,bdrs
FMX,bdrs
FNV,bdrs
FOXA,bdrs
FR,bdrs
FRAS3,acoes
FRIO3,acoes
FRSH,bdrs
FSLR,bdrs
FSLY,bdrs
FSR,bdrs
FTI,bdrs
FTNT,bdrs
FTV,bdrs
FVRR,bdrs
G1TR39,acoes
G2DI,bdrs
G2DI33,acoes
GD,bdrs
GDDY,bdrs
GDS,bdrs
GDXB39,acoes
GE,bdrs
GEN,bdrs
GEPA3,acoes
GEPA4,acoes
GFI,bdrs
GFSA12,acoes
GFSA15,acoes
GFSA3,acoes
GGBR3,acoes
GGBR4,acoes
GGPS3,acoes
GILD,bdrs
GIS,bdrs
GL,bdrs
GLEN,bdrs
GLPG,bdrs
GLW,bdrs
GM,bdrs
GMAT3,acoes
GMED,bdrs
GNTX,bdrs
GOAU3,acoes
GOAU4,acoes
GOLL3,acoes
GOLL53,acoes
GOLL54,acoes
GOLL80,acoes
GOOG,bdrs
GOOGL,bdrs
GPAR3,acoes
GPC,bdrs
GPN,bdrs
GPRK,bdrs
GPRO,bdrs
GPS,bdrs
GRMN,bdrs
GRND3,acoes
GROP31,acoes
GS,bdrs
GSHP3,acoes
GSK,bdrs
GUAR3,acoes
GWRE,bdrs
GWW,bdrs
HAGA3,acoes
HAGA4,acoes
HAIN,bdrs
HAL,bdrs
HAPV3,acoes
HAS,bdrs
HBAN,bdrs
HBI,bdrs
HBOR3,acoes
HBRE3,acoes
HBSA3,acoes
HBTS3,acoes
HBTS5,acoes
HBTS6,acoes
HCA,bdrs
HD,bdrs
HDB,bdrs
HEI,bdrs
HEIA,bdrs
HEIO,bdrs
HES,bdrs
HETA3,acoes
HETA4,acoes
HIG,bdrs
HII,bdrs
HLT,bdrs
HMC,bdrs
HMOB3,acoes
HOG,bdrs
HOLX,bdrs
HON,bdrs
HOOT3,acoes
HOOT4,acoes
HPE,bdrs
HPQB,bdrs
HR,bdrs
HRB,bdrs
HRL,bdrs
HSBC,bdrs
HSIC,bdrs
HST,bdrs
HSY,bdrs
HTHT,bdrs
HUBS,bdrs
HUM,bdrs
HWM,bdrs
HYEM39,acoes
HYPE3,acoes
IAC,bdrs
IBIT39,acoes
IBM,bdrs
IBN,bdrs
ICE,bdrs
ICUI,bdrs
IDXX,bdrs
IEX,bdrs
IFCM1,acoes
IFCM3,acoes
IFF,bdrs
IGSN3,acoes
IGTI11,acoes
IGTI3,acoes
IGTI4,acoes
IHG,bdrs
ILMN,bdrs
INBR32,acoes
INCY,bdrs
INDI,bdrs
INEP-DCA61,acoes
INEP3,acoes
INEP4,acoes
INFY,bdrs
ING,bdrs
INGR,bdrs
INNC3,acoes
INTB3,acoes
INTC,bdrs
INTR,bdrs
INTU,bdrs
INVH,bdrs
IP,bdrs
IPG,bdrs
IPGP,bdrs
IQ,bdrs
IQV,bdrs
IR,bdrs
IRBR3,acoes
IRM,bdrs
ISAE3,acoes
ISAE4,acoes
ISRG,bdrs
IT,bdrs
ITRI,bdrs
ITSA3,acoes
ITSA4,acoes
ITUB3,acoes
ITUB4,acoes
ITW,bdrs
IVPR3B,acoes
IVPR4B,acoes
IVZ,bdrs
IX,bdrs
J,bdrs
JALL3,acoes
JAZZ,bdrs
JBHT,bdrs
JBL,bdrs
JBSS32,acoes
JCI,bdrs
JD,bdrs
JEF,bdrs
JFEN3,acoes
JHSF3,acoes
JKHY,bdrs
JNJ,bdrs
JNPR,bdrs
JOPA3,acoes
JOPA4,acoes
JPM,bdrs
JSLG3,acoes
JWN,bdrs
K,bdrs
KB,bdrs
KC,bdrs
KEPL3,acoes
KEY,bdrs
KEYS,bdrs
KHC,bdrs
KIM,bdrs
KLAC,bdrs
KLAS3,acoes
KLBN11,acoes
KLBN3,acoes
KLBN4,acoes
KMB,bdrs
KMI,bdrs
KMPR,bdrs
KMX,bdrs
KO,bdrs
KOF,bdrs
KR,bdrs
KRC,bdrs
KSS,bdrs
KT,bdrs
L,bdrs
LAND3,acoes
LAVV3,acoes
LAZR,bdrs
LBRDK,bdrs
LBTYA,bdrs
LBTYK,bdrs
LDOS,bdrs
LEG,bdrs
LEN,bdrs
LEVE3,acoes
LH,bdrs
LHX,bdrs
LIGH-DEBE1,acoes
LIGT12,acoes
LIGT3,acoes
LIVN,bdrs
LJQQ3,acoes
LKQ,bdrs
LLBI3,acoes
LLY,bdrs
LMED3,acoes
LMT,bdrs
LNC,bdrs
LNT,bdrs
LOGG3,acoes
LOGN3,acoes
LOW,bdrs
LPLA,bdrs
LPSB3,acoes
LRCX,bdrs
LREN3,acoes
LRN,bdrs
LSCC,bdrs
LSEG,bdrs
LSI,bdrs
LTEL3B,acoes
LTLA3B,acoes
LULU,bdrs
LUMN,bdrs
LUPA12,acoes
LUPA13,acoes
LUPA3,acoes
LUV,bdrs
LUXM3,acoes
LUXM4,acoes
LVS,bdrs
LW,bdrs
LWSA3,acoes
LYB,bdrs
LYG,bdrs
LYV,bdrs
M,bdrs
MA,bdrs
MAA,bdrs
MAPT3,acoes
MAPT4,acoes
MAR,bdrs
MAS,bdrs
MASI,bdrs
MATD3,acoes
MBRF3,acoes
MBT,bdrs
MCD,bdrs
MCHP,bdrs
MCK,bdrs
MCO,bdrs
MDB,bdrs
MDIA3,acoes
MDLZ,bdrs
MDNE3,acoes
MDRX,bdrs
MDT,bdrs
MEAL3,acoes
MELI,bdrs
MELK3,acoes
MERC3,acoes
MERC4,acoes
MET,bdrs
META,bdrs
MGEL3,acoes
MGEL4,acoes
MGLU3,acoes
MGM,bdrs
MHK,bdrs
MILS3,acoes
MKC,bdrs
MKL,bdrs
MKSI,bdrs
MKTX,bdrs
MLAS3,acoes
MLCO,bdrs
MLM,bdrs
MMAQ3,acoes
MMAQ4,acoes
MMC,bdrs
MMM,bdrs
MMSI,bdrs
MNDL3,acoes
MNPR3,acoes
MNST,bdrs
MO,bdrs
MOAR3,acoes
MOS,bdrs
MOTB39,acoes
MOTV3,acoes
MOVI3,acoes
MP,bdrs
MPC,bdrs
MPW,bdrs
MPWR,bdrs
MRK,bdrs
MRNA,bdrs
MRO,bdrs
MRSA3B,acoes
MRSA5B,acoes
MRSA6B,acoes
MRTX,bdrs
MRVE3,acoes
MRVL,bdrs
MS,bdrs
MSCI,bdrs
MSFT,bdrs
MSI,bdrs
MSPA3,acoes
MSPA4,acoes
MSTR,bdrs
MT,bdrs
MTB,bdrs
MTCH,bdrs
MTD,bdrs
MTRE3,acoes
MTSA3,acoes
MTSA4,acoes
MU,bdrs
MUFG,bdrs
MULT3,acoes
MWET3,acoes
MWET4,acoes
MYPK3,acoes
NARI,bdrs
NATI,bdrs
NATU3,acoes
NBIX,bdrs
NCLH,bdrs
NDAQ,bdrs
NEE,bdrs
NEM,bdrs
NEMO3,acoes
NEMO5,acoes
NEMO6,acoes
NEOE3,acoes
NEOG,bdrs
NET,bdrs
NEWR,bdrs
NEXP3,acoes
NFLX,bdrs
NGG,bdrs
NGRD3,acoes
NI,bdrs
NICE,bdrs
NKE,bdrs
NLY,bdrs
NMR,bdrs
NOC,bdrs
NOK,bdrs
NORD3,acoes
NOV,bdrs
NOW,bdrs
NRG,bdrs
NSC,bdrs
NTAP,bdrs
NTES,bdrs
NTNX,bdrs
NTRS,bdrs
NU,bdrs
NUE,bdrs
NUTR3,acoes
NVCR,bdrs
NVDA,bdrs
NVO,bdrs
NVR,bdrs
NVS,bdrs
NWG,bdrs
NWL,bdrs
NWS,bdrs
NWSA,bdrs
NXPI,bdrs
O,bdrs
OBTC3,acoes
ODER3,acoes
ODER4,acoes
ODFL,bdrs
ODPV3,acoes
OFSA3,acoes
OHI,bdrs
OIBR3,acoes
OIBR4,acoes
OKE,bdrs
OKTA,bdrs
OLED,bdrs
OMC,bdrs
ON,bdrs
ONCO11,acoes
ONCO3,acoes
OPCH,bdrs
OPCT3,acoes
OPGM3,acoes
OPSE3,acoes
OPTS3,acoes
ORA,bdrs
ORCL,bdrs
ORLY,bdrs
ORVR3,acoes
OSXB3,acoes
OTIS,bdrs
OXY,bdrs
PAC,bdrs
PAGS,bdrs
PANW,bdrs
PARA,bdrs
PASS3,acoes
PASS5,acoes
PASS6,acoes
PATH,bdrs
PATI3,acoes
PATI4,acoes
PAYC,bdrs
PAYX,bdrs
PBH,bdrs
PCAR,bdrs
PCAR3,acoes
PCOR,bdrs
PCTY,bdrs
PDD,bdrs
PDGR3,acoes
PDTC3,acoes
PEAB3,acoes
PEAB4,acoes
PEAK,bdrs
PEG,bdrs
PEGA,bdrs
PEN,bdrs
PENN,bdrs
PEP,bdrs
PETR-DEB62,acoes
PETR3,acoes
PETR4,acoes
PFE,bdrs
PFG,bdrs
PFRM3,acoes
PFXF39,acoes
PG,bdrs
PGMN3,acoes
PGMN9,acoes
PGR,bdrs
PH,bdrs
PHG,bdrs
PHM,bdrs
PINE11,acoes
PINE13,acoes
PINE14,acoes
PINE3,acoes
PINE4,acoes
PINS,bdrs
PKG,bdrs
PKX,bdrs
PLAS3,acoes
PLD,bdrs
PLNT,bdrs
PLPL3,acoes
PLTR,bdrs
PM,bdrs
PMAM3,acoes
PNC,bdrs
PNR,bdrs
PNVL3,acoes
PNW,bdrs
PODD,bdrs
POMO3,acoes
POMO4,acoes
POSI3,acoes
POST,bdrs
PPAR3,acoes
PPG,bdrs
PPL,bdrs
PPLA11,acoes
PRGO,bdrs
PRIO3,acoes
PRMN3B,acoes
PRNR3,acoes
PRPT3,acoes
PRU,bdrs
PRXB31,acoes
PSA,bdrs
PSSA3,acoes
PSTG,bdrs
PSVM11,acoes
PSX,bdrs
PTBL3,acoes
PTC,bdrs
PTCA3,acoes
PTNT3,acoes
PTNT4,acoes
PUK,bdrs
PVH,bdrs
PWR,bdrs
PWSC,bdrs
PXD,bdrs
PYPL,bdrs
QCOM,bdrs
QRVO,bdrs
QS,bdrs
QTOP39,acoes
QUAL3,acoes
QUSW3,acoes
QVQP3,acoes
RADL3,acoes
RAIL3,acoes
RAIZ4,acoes
RANI3,acoes
RAPT3,acoes
RAPT4,acoes
RARE,bdrs
RBLX,bdrs
RBNS11,acoes
RCL,bdrs
RCSL3,acoes
RCSL4,acoes
RDFN,bdrs
RDOR3,acoes
RDY,bdrs
RE,bdrs
RECV3,acoes
REDE3,acoes
REG,bdrs
REGN,bdrs
RELX,bdrs
RENT3,acoes
RENT4,acoes
RENT99,acoes
RF,bdrs
RGEN,bdrs
RH,bdrs
RHI,bdrs
RIG,bdrs
RIO,bdrs
RIOS3,acoes
RJF,bdrs
RL,bdrs
RMD,bdrs
RNEW3,acoes
RNEW4,acoes
RNG,bdrs
ROK,bdrs
ROKU,bdrs
ROL,bdrs
ROMI3,acoes
ROP,bdrs
ROST,bdrs
RPAD3,acoes
RPAD5,acoes
RPAD6,acoes
RPD,bdrs
RPMG3,acoes
RRX,bdrs
RSG,bdrs
RSID3,acoes
RSSL39,acoes
RSUL3,acoes
RSUL4,acoes
RTX,bdrs
RVEE3,acoes
RVTY,bdrs
RY,bdrs
RYAAY,bdrs
SALT3,acoes
SALT5,acoes
SAN,bdrs
SANB11,acoes
SANB3,acoes
SANB4,acoes
SAP,bdrs
SAPR11,acoes
SAPR3,acoes
SAPR4,acoes
SBAC,bdrs
SBFG3,acoes
SBSP3,acoes
SBSW,bdrs
SBUX,bdrs
SCAR3,acoes
SCHW,bdrs
SCL,bdrs
SE,bdrs
SEDG,bdrs
SEE,bdrs
SEER3,acoes
SEIC,bdrs
SEQL3,acoes
SFM,bdrs
SGEN,bdrs
SGPS3,acoes
SHOP,bdrs
SHOW3,acoes
SHUL3,acoes
SHUL4,acoes
SHW,bdrs
SIMH3,acoes
SIRI,bdrs
SIVR39,acoes
SJM,bdrs
SKM,bdrs
SLAB,bdrs
SLB,bdrs
SLCE3,acoes
SLG,bdrs
SLXB39,acoes
SMAR,bdrs
SMFG,bdrs
SMFT3,acoes
SMFT9,acoes
SMIN39,acoes
SMPL,bdrs
SMTO3,acoes
SNA,bdrs
SNAP,bdrs
SNN,bdrs
SNOW,bdrs
SNPS,bdrs
SNSY3,acoes
SNSY5,acoes
SNSY6,acoes
SO,bdrs
SOJA3,acoes
SOLN39,acoes
SOND3,acoes
SOND5,acoes
SOND6,acoes
SONY,bdrs
SPG,bdrs
SPGI,bdrs
SPLK,bdrs
SPOT,bdrs
SQ,bdrs
SQM,bdrs
SQSP,bdrs
SRE,bdrs
SRPT,bdrs
SSNC,bdrs
STAG,bdrs
STAN,bdrs
STE,bdrs
STM,bdrs
STNE,bdrs
STT,bdrs
STWD,bdrs
STX,bdrs
STZ,bdrs
SUI,bdrs
SUZB3,acoes
SWAV,bdrs
SWK,bdrs
SWKS,bdrs
SYF,bdrs
SYK,bdrs
SYNA,bdrs
SYNE3,acoes
SYY,bdrs
T,bdrs
TAEE11,acoes
TAEE3,acoes
TAEE4,acoes
TAK,bdrs
TAL,bdrs
TAP,bdrs
TASA3,acoes
TASA4,acoes
TBIL39,acoes
TCOM,bdrs
TCSA3,acoes
TDG,bdrs
TDOC,bdrs
TEAM,bdrs
TECH,bdrs
TECN3,acoes
TEF,bdrs
TEL,bdrs
TELB3,acoes
TELB4,acoes
TEND3,acoes
TER,bdrs
TEVA,bdrs
TFC,bdrs
TFCO4,acoes
TFX,bdrs
TGMA3,acoes
TGT,bdrs
THG,bdrs
TIMS3,acoes
TJX,bdrs
TKNO3,acoes
TKNO4,acoes
TLK,bdrs
TM,bdrs
TMO,bdrs
TMUS,bdrs
TNDM,bdrs
TOKY11,acoes
TOKY12,acoes
TOKY3,acoes
TOPB39,acoes
TOTS3,acoes
TPIS3,acoes
TPR,bdrs
TPX,bdrs
TRAD3,acoes
TREX,bdrs
TRI,bdrs
TRIP,bdrs
TRIS3,acoes
TRMB,bdrs
TROW,bdrs
TRV,bdrs
TS,bdrs
TSCO,bdrs
TSLA,bdrs
TSM,bdrs
TSN,bdrs
TSP,bdrs
TT,bdrs
TTD,bdrs
TTEN3,acoes
TTWO,bdrs
TUPY3,acoes
TURK39,acoes
TWLO,bdrs
TX,bdrs
TXN,bdrs
TXRX3,acoes
TXRX4,acoes
TXT,bdrs
TYL,bdrs
U,bdrs
UA,bdrs
UAL,bdrs
UBER,bdrs
UBS,bdrs
UCAS3,acoes
UDR,bdrs
UGPA3,acoes
UHS,bdrs
UL,bdrs
ULTA,bdrs
UNFI,bdrs
UNH,bdrs
UNIP3,acoes
UNIP5,acoes
UNIP6,acoes
UNM,bdrs
UNP,bdrs
UPS,bdrs
UPST,bdrs
UPWK,bdrs
URI,bdrs
USB,bdrs
USIG39,acoes
USIM3,acoes
USIM5,acoes
USIM6,acoes
V,bdrs
VALE-DEB84,acoes
VALE3,acoes
VAMO3,acoes
VAMO99,acoes
VBBR3,acoes
VEEV,bdrs
VFC,bdrs
VIPS,bdrs
VITT3,acoes
VIVA3,acoes
VIVR11,acoes
VIVR3,acoes
VIVT3,acoes
VLID3,acoes
VLO,bdrs
VLY,bdrs
VMC,bdrs
VMEO,bdrs
VMW,bdrs
VNO,bdrs
VOD,bdrs
VRNS,bdrs
VRSK,bdrs
VRSN,bdrs
VRTX,bdrs
VSPT3,acoes
VSPT4,acoes
VSTE3,acoes
VTR,bdrs
VTRU3,acoes
VULC3,acoes
VVEO3,acoes
VZ,bdrs
W,bdrs
WAB,bdrs
WAL,bdrs
WAT,bdrs
WB,bdrs
WBA,bdrs
WBD,bdrs
WDAY,bdrs
WDC,bdrs
WDCN3,acoes
WEC,bdrs
WEGE3,acoes
WELL,bdrs
WEST3,acoes
WEX,bdrs
WFC,bdrs
WHR,bdrs
WHRL3,acoes
WHRL4,acoes
WIX,bdrs
WIZC3,acoes
WLMM3,acoes
WLMM4,acoes
WLY,bdrs
WM,bdrs
WMB,bdrs
WMG,bdrs
WMT,bdrs
WOLF,bdrs
WPP,bdrs
WRB,bdrs
WRK,bdrs
WSO,bdrs
WST,bdrs
WTW,bdrs
WU,bdrs
WY,bdrs
WYNN,bdrs
X,bdrs
XEL,bdrs
XOM,bdrs
XP,bdrs
XPBR31,acoes
XRAY,bdrs
XRX,bdrs
XYL,bdrs
YDUQ3,acoes
YUM,bdrs
Z,bdrs
ZBH,bdrs
ZBRA,bdrs
ZD,bdrs
ZG,bdrs
ZI,bdrs
ZION,bdrs
ZM,bdrs
ZS,bdrs
ZTO,bdrs
ZTS,bdrs
^BVSP,master
